position,train_through_season,target_season,player_id,player_name,games,targets_p10,targets_p50,targets_p90,receptions_p10,receptions_p50,receptions_p90,receiving_yards_p10,receiving_yards_p50,receiving_yards_p90,receiving_tds_p10,receiving_tds_p50,receiving_tds_p90,games_played_estimate,fantasy_points_p10,fantasy_points_p50,fantasy_points_p90,full_projection_p10,full_projection_p50,full_projection_p90,actual_games_played,actual_fantasy_points,naive_ppg,naive_full_projection,adp
TE,2020,2021,00-0024243,Marcedes Lewis,182,1.0,1.7914070814843512,3.1853903258849057,0.0,1.1565783515955115,2.8604537154919063,0.0,10.172905248785987,34.29425387063841,0.0,0.0,1.0,8.469090909090909,0.0,2.1738688764741103,12.289879102555748,0.0,18.410693139302555,104.08410338128122,12.0,44.39999961853027,3.1615384817123413,26.775356814211065,
TE,2020,2021,00-0027061,Jared Cook,167,1.4999893939879452,3.909821098107846,7.230005702591129,0.9999734386011123,2.1202058083653865,4.685347998186736,5.387130596320543,31.139592208607908,67.5164031940381,0.0,0.0,1.0,8.469090909090909,1.5386864982331665,5.234165029226178,17.436988317590547,13.031275834127435,44.328619465700974,147.67543924243049,15.0,116.4000015258789,10.899999989403618,92.31309081934918,
TE,2020,2021,00-0027656,Rob Gronkowski,130,1.4999893939879452,4.271755552027724,8.032181068981384,0.9999734386011123,2.2620103912756067,5.2789972429554535,5.105573833834937,29.579124019244663,68.13741106764951,0.0,0.0,1.0,8.469090909090909,1.5105308219846059,5.219922793200073,18.092738349720406,12.792822852371444,44.20800067404716,153.22904587817754,11.0,150.5,9.741379310344827,82.50062695924764,
TE,2020,2021,00-0027696,Jimmy Graham,165,1.4999893939879452,4.302857443980579,7.511721257265006,0.9999734386011123,2.4244675848447548,5.099202906638135,5.082703004751397,30.57753652789523,71.19737888498676,0.0,0.0,1.0,8.469090909090909,1.508243739076252,5.482221237634278,18.21894079513681,12.773453339303966,46.42943004527357,154.29786586135864,10.0,45.10000038146973,7.81041661898295,66.14712838404105,
TE,2020,2021,00-0027981,Kyle Rudolph,136,1.0,3.0175426183486294,6.157644771832381,0.9999734386011123,1.876043114821455,4.479632011079604,1.8677339550811125,21.196045818601693,58.87132438155142,0.0,0.0,1.0,10.0,1.1867468341092235,3.9956476966816243,16.366764449234747,11.867468341092236,39.95647696681624,163.66764449234748,14.0,52.0,7.68604656152947,76.8604656152947,
TE,2020,2021,00-0028042,Luke Stocker,76,1.0,1.178615094365901,3.3707682729382364,0.0,1.0000265613988875,2.5282215423971803,0.34390000000000004,9.727207299316811,27.133870523249477,0.0,0.0,1.0,8.469090909090909,0.034390000000000004,1.9727472913305686,11.241608594722127,0.2912520363636364,16.707376150941432,95.20620515311938,2.0,3.200000047683716,2.190625011920929,18.552602373686703,
TE,2020,2021,00-0028097,Lee Smith,54,1.0,1.7895906129073398,2.708313266662627,0.0,1.0000265613988875,1.6935150387345566,1.0821123340981296,8.598706976490307,23.187744042747713,0.0,0.0,1.0,8.469090909090909,0.10821123340981297,1.8598972590479184,10.012289443009328,0.9164507731325614,15.751638968445825,84.79498950097718,6.0,21.5,4.243750035762787,35.940704848332835,
TE,2020,2021,00-0029119,Derek Carrier,43,1.0,1.0128426219605489,1.9578847803792079,0.0,1.0000265613988875,1.4305327983937701,0.0,9.114017523429949,39.81139136615366,0.0,0.0,1.0,8.469090909090909,0.0,1.9114283137418824,11.411671935009135,0.0,16.18806015529034,96.64648704231372,1.0,3.3000000715255737,3.243749976158142,27.471613434444773,
TE,2020,2021,00-0029738,Darren Fells,73,1.0,2.4915964472146306,5.1716534813505515,0.0,1.8715765439285132,3.615955492403437,0.5922703053296469,15.145125979483165,44.16465770259514,0.0,0.0,1.0,8.469090909090909,0.059227030532964686,3.3860891418768295,14.03242126266295,0.5015991058591809,28.677096768840492,118.84185134815276,3.0,8.300000190734863,6.485714333398002,54.92810429994162,
TE,2020,2021,00-0030061,Zach Ertz,116,1.9999734386011125,5.950600417248398,8.237199762225528,0.9999734386011123,2.9331622294569533,5.3125579494233355,5.932191746175271,28.619646240615936,69.94125686038414,0.0,0.0,1.0,8.469090909090909,1.5931926132186396,5.795126853518547,18.306683635461752,13.492893077040769,49.07945615216253,155.04096795269243,16.0,165.30000153183937,13.60476200921195,115.21996625256229,
TE,2020,2021,00-0030108,Ryan Griffin,78,1.0,2.186511934306639,4.078146779683187,0.0,1.0000265613988875,2.969450725247263,0.0,8.683372783915559,33.976691219357406,0.0,0.0,1.0,8.469090909090909,0.0,1.8683638397904434,12.367119847183004,0.0,15.823343210443428,104.73826226941533,14.0,65.10000038146973,5.422580603630312,45.924328094018165,
TE,2020,2021,00-0030155,Demetrius Harris,67,1.0,1.815447806390514,3.9931958565088927,0.0,1.0000265613988875,3.043837461589843,0.0,10.401215874114733,28.973277715749386,0.0,0.0,1.0,8.469090909090909,0.0,2.0401481488103608,11.941165233164783,0.0,17.278200140288472,101.13081392014828,3.0,4.0,3.5266667207082114,29.86766106374336,
TE,2020,2021,00-0030181,Jack Doyle,87,1.0,2.6070081463630186,5.765469063419053,0.0,1.972582260375855,3.7681148980448347,0.4744248151192689,14.301209387907592,47.626223854755985,0.0,0.0,1.0,8.469090909090909,0.04744248151192689,3.4027031991666146,14.530737283520434,0.4017946888773736,28.817802730396526,123.06213503025124,14.0,75.10000038146973,7.0705883082221535,59.88145516308871,
TE,2020,2021,00-0030216,Josh Hill,81,1.0,1.697499551250494,2.600004903050321,0.0,1.0000265613988875,2.567233969247602,0.0,6.571889508823876,28.52143937610577,0.0,0.0,1.0,10.0,0.0,1.657215512281275,11.41937790685818,0.0,16.572155122812752,114.1937790685818,0.0,0.0,3.896875023841858,38.96875023841858,
TE,2020,2021,00-0030443,Levine Toilolo,72,1.0,1.0542499925864985,3.440190716526734,0.0,1.0000265613988875,2.690549436720399,0.0,7.181814047687871,26.533551100664905,0.0,0.0,1.0,8.469090909090909,0.0,1.7182079661676746,11.34390454678689,0.0,14.551659466198233,96.07255887078787,0.0,0.0,3.661111050181919,31.00628231226796,
TE,2020,2021,00-0030506,Travis Kelce,110,1.9999734386011125,8.079784079870699,12.336793594792315,0.9999734386011123,5.2875068522018065,7.746739895292811,15.040112657612944,86.52023267409083,122.67799183605332,0.0,0.0,1.9999734386011125,8.469090909090909,2.5039847043624066,13.93953011961089,32.01437971050482,21.206474096218344,118.0551478129955,271.1326921664208,15.0,251.39999848604202,18.27872357469924,154.804171656271,
TE,2020,2021,00-0031260,Logan Thomas,44,1.9999734386011125,5.7722081327819765,10.598068493931757,0.9999734386011123,3.390826774151222,7.155718476262132,12.000162864147708,42.26746810006916,87.88940141497912,0.0,0.0,1.0,8.469090909090909,2.1999897250158833,7.617573584158138,21.944658617760044,18.631912980225426,64.51392319092474,185.85130880277507,5.0,55.60000038146973,6.324324272774361,53.56127720469632,
TE,2020,2021,00-0031273,Cameron Brate,86,1.0,2.5840288484384044,5.1452046877447355,0.0,1.8331583210800073,3.7140303615362784,0.3489463611210478,15.413216812795698,50.71040424093153,0.0,0.0,1.0,8.469090909090909,0.034894636112104783,3.374480002359577,14.785070785629433,0.29552584547306193,28.578777910892562,125.21610858083982,15.0,75.30000114440918,6.0523810954321,51.25816571367768,
TE,2020,2021,00-0031384,Richard Rodgers,62,1.0,2.9574745039138075,6.562060173557535,0.9999734386011123,1.9970919106352303,4.396311045966056,2.1460223330766435,19.06885735656048,53.52301872755203,0.0,0.0,1.0,11.125,1.2145756719087766,3.9039776462912785,15.748612918721257,13.51215434998514,43.43175131499047,175.20331872077398,0.0,0.0,8.022222227520412,89.24722228116458,
TE,2020,2021,00-0031387,Eric Ebron,97,1.9999734386011125,5.06212471358085,8.97850370713926,0.9999734386011123,3.0112134974684865,6.3649452539572975,6.350259271806264,33.21497601050052,66.61793051134248,0.0,0.0,1.0,7.690376569037657,1.6349993657817388,6.332711098518539,19.026738305091545,12.573760812999312,48.70093305053169,146.32278244668728,8.0,32.500000573694706,10.650000163487025,81.90251171752783,
TE,2020,2021,00-0031558,Maxx Williams,48,1.0,1.8038672463858174,3.306122423080945,0.0,1.0000265613988875,2.89547342866398,0.0,6.7274476429451475,26.685058810755475,0.0,0.0,1.0,7.690376569037657,0.0,1.6727713256934023,11.563979309739528,0.0,12.8642414084706,88.93135552845712,5.0,41.30000114440918,3.6321429184504916,27.932546795447713,
TE,2020,2021,00-0031585,MyCole Pruitt,30,1.0,2.219490952805871,2.9575654983079214,0.0,1.8097150852067783,2.2163326224280837,0.0,11.448653460810636,31.783544749346483,0.0,0.0,1.0,7.690376569037657,0.0,2.954580431287842,11.394687097362732,0.0,22.721836120113192,87.62943466507406,10.0,46.5,3.783333447244432,29.095258895545044,
TE,2020,2021,00-0031598,Nick Boyle,62,1.9400850639523788,1.9999734386011125,5.351905847497766,0.0,1.380198167669146,4.049672110471379,0.007118285804823782,14.090646224313204,44.14448464754876,0.0,0.0,1.0,7.690376569037657,0.0007118285804823782,2.7892627901004667,14.464120575226255,0.005474229836513017,21.450481205877228,111.23453396345546,2.0,1.2000000029802322,4.352777693006727,33.47449958052872,
TE,2020,2021,00-0031610,Darren Waller,46,1.9999734386011125,7.524544953592176,11.665034987782825,0.9999734386011123,4.708097373960466,9.257835114124777,15.040112657612944,68.32073962781882,116.49070415980731,0.0,0.0,1.0,7.690376569037657,2.5039847043624066,11.540171336742349,26.906905530105508,19.256585299657335,88.74826325076333,206.92423583403314,10.0,129.3000030517578,14.760000160762242,113.50995939531799,
TE,2020,2021,00-0031690,Eric Tomlinson,18,1.0,1.7248422785959765,3.1752701618742454,0.0,1.0000265613988875,2.019238711414667,0.0,10.681149307663288,24.18389975218709,0.0,0.0,1.0,7.690376569037657,0.0,2.0681414921652164,10.437628686633376,0.0,15.904786872801957,80.2692950880006,1.0,1.699999988079071,1.6300000190734862,12.535313954213672,
TE,2020,2021,00-0031951,James O'Shaughnessy,55,1.0,2.5925205904661444,5.348166460231579,0.0,1.9088436465523702,3.881292736793662,0.9777115803132058,13.850911734768951,48.663034675726195,0.0,0.0,1.0,7.690376569037657,0.09777115803132058,3.293934820029265,14.747596204366282,0.7518970228517458,25.33159915989033,113.41456829968713,7.0,48.39999961853027,4.269696940075267,32.835577304846616,
TE,2020,2021,00-0032062,Blake Bell,47,1.0,1.5280004143627244,3.2465112345286298,0.0,1.1805265613988873,2.624278069779926,0.0,11.573008938983849,31.83748699003639,0.0,0.0,1.0,8.469090909090909,0.0,2.337827455297272,11.808026768783565,0.0,19.79927324868126,100.00325216180698,11.0,18.699999809265137,1.772413827221969,15.010733831272601,
TE,2020,2021,00-0032098,Daniel Brown,26,1.0,1.1487464839334076,2.6020980291691354,0.0,1.0000265613988875,2.071453757656949,0.0,12.089388094166793,37.76540253332226,0.0,0.0,1.0,7.690376569037657,0.0,2.2089653708155668,11.847994010989174,0.0,16.987775529535615,91.11553553220963,1.0,4.900000095367432,3.162500023841858,24.320816082934453,
TE,2020,2021,00-0032134,C.J. Uzomah,49,1.0,3.4020044738362087,8.072819874894018,0.9999734386011123,2.2112102494932295,5.778702509374523,0.9997572505549683,20.547089171744084,67.73835518011666,0.0,0.0,1.0,7.690376569037657,1.0999491636566092,4.265919166667638,18.552538027386188,8.459023275317355,32.80652480474945,142.67600374199085,16.0,128.29999923706055,6.154838731212001,47.33302756471823,
TE,2020,2021,00-0032135,Jesse James,74,1.0,1.8021146263905137,3.2381950359960117,0.0,0.9906492752615008,2.9119960170694714,-0.05210575468477846,11.647372494424221,28.289597770143228,0.0,0.0,1.0,7.690376569037657,-0.005210575468477846,2.155386524703923,11.740955794083794,-0.04007128749398444,16.575734026802554,90.29237133692892,4.0,19.200000286102295,3.933333406081567,30.24881506434276,
TE,2020,2021,00-0032141,Geoff Swaim,29,1.0,1.9576617331394144,4.223648827760303,0.0,1.0000265613988875,3.1759804905470492,0.0,10.620201585639983,37.98463635526983,0.0,0.0,1.0,7.690376569037657,0.0,2.062046719962886,12.974444126074031,0.0,15.857915779463532,99.77836110344799,15.0,68.80000114440918,4.950000047683716,38.06736438344213,
TE,2020,2021,00-0032214,Tyler Kroft,46,1.0,1.8870941931499172,4.042507010185599,0.0,1.0000265613988875,3.007989534304629,0.9997572505549683,10.524481525211256,42.37310670805853,0.0,0.0,1.0,7.690376569037657,0.09997572505549684,2.052474713920013,13.245300205110484,0.7688509734393439,15.784303448472736,101.86134634725133,8.0,37.80000114440918,3.6105263797860396,27.766307472998914,
TE,2020,2021,00-0032392,Austin Hooper,69,1.9999734386011125,5.075219110218143,8.640423942067818,0.9999734386011123,3.0080331329030194,6.159847506119352,6.009272143938637,31.504155332468816,59.92432610753879,0.0,0.0,1.0,5.795851528384279,1.600900652994976,6.158448666149901,18.152280116873232,9.278582496452323,35.69345411418103,105.20792045903929,15.0,90.5,11.052381311144147,64.05796111448065,
TE,2020,2021,00-0032394,Nick Vannett,50,1.0,1.8505680125701824,3.627994014609798,0.0,0.9906492752615008,2.3559231748536846,0.0,10.08656760638176,31.017664742940873,0.0,0.0,1.0,7.690376569037657,0.0,1.9993060358996768,11.457689649147772,0.0,15.375416292818434,88.11394801311131,6.0,26.300000190734863,3.512820491423974,27.014912398482277,
TE,2020,2021,00-0032725,Stephen Anderson,26,1.0,1.8318569398794766,5.095801442030488,0.9999734386011123,1.0755912890232142,2.3065480369007987,0.0,11.052780670376444,31.15651080195311,0.0,0.0,1.0,7.690376569037657,0.9999734386011123,2.1808693560608585,11.42219911709611,7.69017230187801,16.771706595982668,87.84101245699853,11.0,38.5,6.1999999682108555,47.68033448356298,
TE,2020,2021,00-0033090,Hunter Henry,51,1.9999734386011125,6.260105561320972,11.356611284183595,0.9999734386011123,3.2567092924358523,7.686179386872115,8.286991401817405,37.83278182676093,77.02634292504762,0.0,0.0,1.0,5.795851528384279,1.8286725787828528,7.039987475111945,21.388813679376877,10.598714760653019,40.80272216743375,123.96638845394305,15.0,150.70000076293945,11.365384578704834,65.87208158116152,
TE,2020,2021,00-0033110,Tyler Higbee,68,1.4999893939879452,3.9667138178601724,7.789928186411879,0.9999734386011123,2.409451930704005,5.935163732947866,4.661416856637592,29.56652741885901,65.65795364063985,0.0,0.0,1.0,7.690376569037657,1.4661151242648716,5.366104672589906,18.50095909701185,11.2749773991583,41.2673656410889,142.27934234438402,14.0,123.5,8.1790699570678,62.90012795435403,
TE,2020,2021,00-0033217,Mo Alie-Cox,31,1.0,2.864700566707153,5.230866693817684,0.9999734386011123,2.0014156994822248,3.835785208566335,1.8617567486618443,18.446053634693353,55.207954709924394,0.0,0.0,1.0,7.690376569037657,1.1861491134672968,3.84602106295156,15.356580679558775,9.121933349593688,29.577350266547977,118.09788823861517,16.0,74.89999961853027,4.258064516129032,32.746119584289374,
TE,2020,2021,00-0033258,Darrell Daniels,19,1.0,1.7215499613915628,2.96311643219825,0.0,1.0000265613988875,2.66717928816181,0.0,7.828048780307105,30.68657632037732,0.0,0.0,1.0,5.795851528384279,0.0,1.7828314394295979,11.735836920199542,0.0,10.33302632306958,68.01916835080716,3.0,1.0,1.8923077078965995,10.96753452098586,
TE,2020,2021,00-0033288,George Kittle,53,1.9999734386011125,7.087569372101974,10.080697827324197,0.9999734386011123,4.3553850458803645,6.926319653739571,9.294117687536193,56.80856841174244,72.75144924531594,0.0,0.0,1.0,7.690376569037657,1.9293852073547317,10.036241887054608,20.201464578271167,14.83769879128869,77.18247944939904,155.35686985298076,13.0,194.0,15.773684351067795,121.30557254084772,
TE,2020,2021,00-0033387,Jacob Hollister,34,1.0,2.868139547294344,5.8254086154696925,0.9999734386011123,2.0089009283717374,4.158205876298872,0.4888414657130048,14.749544783863094,47.85908151936179,0.0,0.0,1.0,7.690376569037657,1.048857585172413,3.483855406758047,14.944114028235052,8.066109797267343,26.79215999004724,114.9258643677658,5.0,16.09999990463257,6.680000057220459,51.371715921218424,
TE,2020,2021,00-0033455,Anthony Firkser,33,1.0,3.0056549390342773,7.226195237399729,0.9999734386011123,1.99992575156702,4.922955124527596,2.6801982871397847,16.60668320668312,57.96874508889091,0.0,0.0,1.0,5.795851528384279,1.2679932673150909,3.660594072235332,16.719829633416687,7.349100716349145,21.216259748359583,96.90565013516287,14.0,59.5,5.200000026009299,30.13842809834429,
TE,2020,2021,00-0033528,Jeremy Sprinkle,26,0.9894880331660383,1.0,2.388300238756775,0.0,1.0000265613988875,1.8817325069807462,0.0,8.131607706335325,29.05389189757852,0.0,0.0,1.0,7.690376569037657,0.0,1.8131873320324199,10.787121696738598,0.0,13.944093373538024,82.95702794395625,1.0,4.1000001430511475,3.1652173788651177,24.341713566335088,
TE,2020,2021,00-0033611,Ricky Seals-Jones,33,0.940477274923339,1.0,2.0575550851394007,0.0,1.0000265613988875,1.5538749171622472,0.0,6.361097076603995,25.54955278076853,0.0,0.0,1.0,5.795851528384279,0.0,1.6361362690592869,10.1088301952391,0.0,9.48280289567222,58.589278937253695,11.0,69.10000038146973,5.407999868392944,31.34396430272723,
TE,2020,2021,00-0033658,Blake Jarwin,28,1.0,1.1975801095072698,1.9145179957959078,0.0,0.9654900235469605,1.0000265613988875,0.0,5.935362426832421,22.67458607587224,0.0,0.0,1.0,7.690376569037657,0.0,1.5590262662302026,9.267485168986113,0.0,11.989499068331014,71.2704507974748,6.0,31.0,5.8357144083295545,44.87884134941306,
TE,2020,2021,00-0033757,Robert Tonyan,29,1.4999893939879452,4.213340739548694,6.451870175381123,0.9999734386011123,2.4819836980482037,5.621334354787278,7.402178083949556,27.637025133483387,70.59076656959598,0.0,0.0,1.0,7.690376569037657,1.7401912469960679,5.245686211396542,18.680411011746877,13.382725991542982,40.341302328647885,143.6593951447312,8.0,50.39999961853027,7.596551854034951,58.420344383749956,
TE,2020,2021,00-0033858,Jonnu Smith,53,1.4999893939879452,4.535518970301039,8.037756003989147,0.9999734386011123,3.0251577930172378,4.979982056048899,5.165760608934031,28.293617672635946,63.36011440511606,0.0,0.0,1.0,5.795851528384279,1.5165494994945155,5.854519560280833,17.315993496560505,8.789695734515702,33.93192614140933,100.36092737253244,14.0,66.89999961853027,7.362499952316284,42.67195660136152,
TE,2020,2021,00-0033879,O.J. Howard,39,1.0,2.90631335783014,8.673247451458115,0.9999734386011123,1.4374209308490973,5.590859355585628,0.9997572505549683,26.68241474485491,66.10582677413589,0.0,0.0,1.0,5.795851528384279,1.0999491636566092,4.105662405334588,18.201442032999218,6.375142041324168,23.79580972698835,105.49285562575638,9.0,33.5,9.384615384615385,54.3918374202217,
TE,2020,2021,00-0033881,Evan Engram,50,1.9999734386011125,6.106367932517324,10.45676792137023,0.9999734386011123,3.45318387231009,6.691350483697071,10.382945831668653,39.9721083124422,80.237116705118,0.0,0.0,1.0,5.795851528384279,2.0382680217679776,7.450394703554311,20.71506215420887,11.813498829220734,43.181381529661394,120.06142464704682,14.0,103.10000151395798,10.394285651615688,60.243736380379566,
TE,2020,2021,00-0033885,David Njoku,45,1.0,2.7305595828403457,5.46058465143353,0.0,1.976784404886916,3.903711874149794,-0.043760270405908186,14.594432101414219,47.88041729365538,0.0,0.0,1.0,5.795851528384279,-0.004376027040590819,3.436227615028338,14.691753603515332,-0.025362803011459233,19.915865074438262,85.15122257757959,14.0,104.50000152736902,7.286206968899431,42.229773796819956,
TE,2020,2021,00-0033895,Gerald Everett,55,1.4999893939879452,3.6053440404953716,7.2688057031512034,0.9999734386011123,2.034695371256011,5.218650715471705,3.3254396502183248,19.499302369200272,61.419849409625876,0.0,0.0,1.0,7.690376569037657,1.3325174036229448,3.9846256081760383,17.36063565643429,10.247560618656788,30.643271413504426,133.50982567584194,14.0,118.79999923706055,6.226190567016602,47.88175005094775,
TE,2020,2021,00-0033896,Adam Shaheen,30,1.0,1.9451372743635957,4.325121803167729,0.0,1.4961276224756224,2.6019664493024592,0.49637177503139274,10.717024736061282,29.408147806628737,0.0,0.0,1.0,5.795851528384279,0.04963717750313928,2.5678300960817504,11.542781229965334,0.2876897110962515,14.882761987006564,66.90024623349996,7.0,23.0,3.2166666587193804,18.643322370241474,
TE,2020,2021,00-0034011,Dan Arnold,26,1.0,3.0118344565743675,6.074967719434288,0.9999734386011123,1.9624237995658922,4.35991005246228,1.6098490191205674,22.558416031743665,56.0980856809718,0.0,0.0,1.0,5.795851528384279,1.1609583405131692,4.218265402740259,15.969718620559458,6.728742172253728,24.448439981602654,92.55811807483641,10.0,75.79999923706055,6.326923076923077,36.66990678535438,
TE,2020,2021,00-0034073,Ross Dwelley,18,1.0,2.0107133298791893,5.356750675819588,0.0,1.9115380152188404,3.5556359461178815,0.42674147143144237,15.917808860233624,51.51361928186642,0.0,0.0,1.0,5.795851528384279,0.04267414714314424,3.503318901242203,14.706997874304523,0.24733302094208817,20.304716208182157,85.23957610773222,3.0,15.099999904632568,4.944444537162781,28.657266427726203,
TE,2020,2021,00-0034159,Will Dissly,24,1.0,2.616354565871705,3.990609710875031,0.0,1.8416992729359076,3.700609073434866,0.08242720547611275,13.497559457232313,36.754077660726,0.0,0.0,1.0,5.795851528384279,0.008242720547611276,3.191455218659139,13.376016839507464,0.04777358448391732,18.497200606835555,77.5254076429532,12.0,50.10000038146973,7.0791668097178135,41.02979977379025,
TE,2020,2021,00-0034270,Tyler Conklin,16,1.0,2.7105604759360005,7.499514547484323,0.9999734386011123,1.8100528055313927,4.606274545253239,0.31594939540088224,20.588645365452724,48.578487311979345,0.0,0.0,1.0,5.795851528384279,1.0315683781412006,3.8689173420766654,15.464123276451174,5.97881716108257,22.423670490267483,89.62776252694245,16.0,135.70000076293945,4.431250095367432,25.68286763788831,
TE,2020,2021,00-0034351,Dallas Goedert,40,1.9999734386011125,4.90859081179452,8.705511756861304,0.9999734386011123,3.2037093902575338,6.306760639101605,7.742911004054038,35.07889718707572,73.34374074837565,0.0,0.0,1.0,10.23076923076923,1.7742645390065162,6.711599108965106,19.64113471393917,18.152091052912816,68.66482165325839,200.94391668876227,15.0,163.0,8.887500143051147,90.92596300198481,
TE,2020,2021,00-0034364,Jordan Akins,42,1.0,3.085948106861473,6.79608395276466,0.9999734386011123,2.001761255677093,4.577188768447547,3.3254396502183248,20.76251437084313,61.62153696602819,0.0,0.0,1.0,7.690376569037657,1.3325174036229448,4.078012692761407,16.739342465050363,10.247560618656788,31.36145326065048,128.73184707432037,12.0,45.6999996304512,5.061904941286359,38.927955155164554,
TE,2020,2021,00-0034365,Ian Thomas,32,1.0,2.7331486565874177,5.924440018520759,0.0,1.8859210773330994,3.767711011341197,-0.028875283693307257,14.45454677910476,54.26621613535303,0.0,0.0,1.0,5.795851528384279,-0.002887528369330726,3.3313757552435757,15.1943326248765,-0.016735685712638455,19.30815926265081,88.06409596666958,14.0,36.80000114440918,4.918750047683716,28.508344981607912,
TE,2020,2021,00-0034383,Dalton Schultz,25,1.9999734386011125,5.004441239848243,9.02644866182604,0.9999734386011123,3.073030447659195,6.3359971814450935,7.356165766602908,28.936763747905534,69.30020077831128,0.0,0.0,1.0,5.795851528384279,1.7355900152614032,5.966706822449749,19.26601725927622,10.059222042601299,34.582146856316285,111.66297557805399,16.0,189.70000457763672,6.947999954223633,40.26957615390094,
TE,2020,2021,00-0034420,Jordan Thomas,17,1.0,1.0704708208737599,3.0510254278883577,0.0,1.0000265613988875,2.0339528398333253,0.0,7.497346687782448,34.64248857468276,0.0,0.0,1.0,10.23076923076923,0.0,1.7497612301771324,11.498201697301601,0.0,17.901403354889123,117.63544813393176,0.0,0.0,4.388235393692465,44.89502364316137,
TE,2020,2021,00-0034753,Mark Andrews,45,1.9999734386011125,5.987036461188696,9.63244720596525,0.9999734386011123,4.063514523719553,6.978964205977098,10.846771466883151,55.55949254396268,89.62777820539758,0.0,0.0,1.0,5.795851528384279,2.0846505852894275,9.619463778115822,21.941742026516856,12.08232528089691,55.7529838406298,127.17107905980129,16.0,280.5999984741211,10.81111110051473,62.659594795450545,
TE,2020,2021,00-0034766,Chris Herndon,26,1.4999893939879452,3.9594499185083296,7.392549603459484,0.9999734386011123,2.1076780227092042,5.185754304260205,2.804591773811649,24.070728389843786,59.34085022710112,0.0,0.0,1.0,5.795851528384279,1.2804326159822772,4.514750861693583,17.119839326970318,7.421197334333963,26.166825682021,99.2240469289142,5.0,14.0,7.407692304024329,42.93388476207987,
TE,2020,2021,00-0034798,Durham Smythe,27,1.0,2.637404227335803,4.735297943369238,0.0,1.0382124273185405,3.176270585618076,0.5922703053296469,13.594381720398427,38.635287261815655,0.0,0.0,1.0,5.795851528384279,0.059227030532964686,2.397650599358383,13.03979931179964,0.34327107543614577,13.896426890822767,75.57674077111822,14.0,64.80000001192093,3.0851852231555514,17.881275490974698,
TE,2020,2021,00-0034829,Mike Gesicki,44,1.9999734386011125,5.38940661473157,9.252807642309936,0.9999734386011123,3.036565539446965,6.937932879670023,10.189515904741828,42.79638240692374,84.29029868438869,0.0,0.0,1.0,5.795851528384279,2.0189250290752954,7.316203780139339,21.366962748108893,11.701389715459326,42.40363086109143,123.8397437005569,16.0,158.8000030517578,7.715909112583507,44.720263623041305,
TE,2020,2021,00-0034830,Hayden Hurst,41,1.9999734386011125,5.117459406901743,9.045068908819205,0.9999734386011123,2.988835492368697,6.36493099452365,6.473351986916278,30.30901033626139,64.79455167506589,0.0,0.0,1.0,7.690376569037657,1.6473086372927401,6.019736525994836,18.84438616203024,12.66842374620944,46.29404073129083,144.92042579837482,11.0,61.80000114440918,6.373170835215872,49.01208366161829,
TE,2020,2021,00-0034970,Irv Smith,26,1.0,3.2090583993631694,7.262296780485042,0.9999734386011123,2.1139487354544144,5.215428052330541,2.842505375502341,24.455964993353106,60.857984460713574,0.0,0.0,1.0,4.677354709418838,1.2842239761513463,4.559545234789725,17.3012264984019,6.006771062800085,21.32661037675194,80.92397324102211,0.0,0.0,6.753846296897301,31.590134783483567,
TE,2020,2021,00-0034981,Foster Moreau,18,1.0,2.027166292670693,2.9955510159370538,0.0,0.9869663473037052,2.2544838783576027,0.0,14.802426829724844,33.5934745837023,0.0,0.0,1.0,5.795851528384279,0.0,2.4672090302761895,11.613831336727833,0.0,14.29957722896975,67.31204210337124,11.0,78.29999923706055,5.633333378367954,32.64996387091208,
TE,2020,2021,00-0034988,Kaden Smith,20,1.0,1.554782501473539,3.2148210603320218,0.0,1.1623524588534944,2.6277088766342165,0.20114107938555578,8.964749137977554,25.240190182045943,0.0,0.0,1.0,5.795851528384279,0.02011410793855558,2.05882737265125,11.15172789483881,0.11657838323776372,11.932657774460136,64.63375916342711,2.0,6.299999952316284,5.249999976158142,30.428220385833594,
TE,2020,2021,00-0035229,T.J. Hockenson,28,1.9999734386011125,5.548823623901348,9.813639020875474,0.9999734386011123,3.4946414636455208,6.633295344680871,7.943084116927418,36.28690783902716,74.22904307637772,0.0,0.0,1.0,5.795851528384279,1.7942818502938542,7.123332247548237,20.056199652318643,10.399391204377809,41.28577609414147,116.24275540847125,12.0,143.29999923706055,9.142857074737549,52.99064215041664,
TE,2020,2021,00-0035631,Drew Sample,20,1.0,3.060858441258141,6.874177660828377,0.9999734386011123,1.9051401067849036,4.811689114168137,1.9325990972301954,17.60067368119166,51.274851306830485,0.0,0.0,1.0,5.795851528384279,1.193233348324132,3.66520747490407,15.939174244851184,6.915803325603512,21.242998345268237,92.38108740820408,7.0,17.300000190734863,4.445000100135803,25.76256062404037,
TE,2020,2021,00-0035644,Noah Fant,30,1.9999734386011125,5.993803787604318,9.671538475656293,0.9999734386011123,3.4967118075752115,6.78206144715015,9.170291401817403,41.857398074266186,76.59854752057907,0.0,0.0,1.5999832525590296,4.677354709418838,1.9170025787828526,7.68245161500183,24.041815714562233,8.966501039838032,35.933551241311164,112.45209995548748,15.0,156.4000015258789,8.716666793823242,40.77094247852394,
TE,2020,2021,00-0035689,Dawson Knox,26,1.4999893939879452,3.6167988589737523,6.968236117539486,0.9999734386011123,2.026686617514719,4.424537739832457,1.1714116658359008,24.97326550290364,56.48596548733473,0.0,0.0,1.0,5.795851528384279,1.1171146051847023,4.524013167805084,16.073134288565928,6.474630391840157,26.2205086330537,93.1574999323106,14.0,153.79999923706055,5.753846296897302,33.34843885396045,
TE,2021,2022,00-0024243,Marcedes Lewis,194,1.0,2.356821741133542,4.664498679230018,0.0,1.100026561398887,3.183668775096647,0.4744481881595578,13.178141989436982,37.32761803460324,0.0,0.0,1.0,8.47138047138047,0.04744481881595578,2.4178407603425853,12.916430578556971,0.4019231115856725,20.482449000073885,109.41999776312907,6.0,24.59999990463257,3.331578988777964,28.22307318439514,
TE,2021,2022,00-0027981,Kyle Rudolph,150,1.0,2.436682832371414,5.315045386686672,0.0,1.9576364445527359,3.8107136572987477,1.71171708009761,14.415484893807372,44.836523947129905,0.0,0.0,1.0,8.47138047138047,0.171171708009761,3.399184933933473,14.294366052011739,1.4500606644867295,28.79578886793474,121.0930134237762,4.0,4.0,6.710526265596089,56.847421159056424,
TE,2021,2022,00-0030061,Zach Ertz,132,1.9999734386011125,5.775664853272739,9.52068806171962,0.9999734386011123,3.8610512572689664,6.784997884307535,12.461991701260166,35.48039529350738,85.44825105396279,0.0,0.0,1.0,8.47138047138047,2.2461726087271288,7.409090786619704,21.329822989703814,19.028182772920726,62.765227000455134,180.6930459329791,10.0,111.60000228881836,12.69482786902066,107.54271689715817,
TE,2021,2022,00-0030108,Ryan Griffin,92,1.0,2.87528145104317,6.170514417177448,0.9999734386011123,2.0411339330607654,4.062908770876955,0.2803892954632748,16.76168249557619,52.43882778997208,0.0,0.0,1.0,8.47138047138047,1.0280123681474398,3.7173021826183845,15.306791549874163,8.708683899861812,31.49068111605338,129.6696550150956,7.0,6.6000001430511475,5.182222308052911,43.90057685879166,
TE,2021,2022,00-0030506,Travis Kelce,125,1.9999734386011125,7.480504246590469,10.754328937524715,0.9999734386011123,4.804390348470461,8.526524210298549,13.426453926481281,61.96624128455992,114.57681986136646,0.0,0.0,1.0,8.47138047138047,2.342618831249241,11.001014476926454,25.984206196435196,19.845215418932963,93.1937792052086,220.12209693680452,16.0,306.5,17.809677247078188,150.87255203248725,
TE,2021,2022,00-0031260,Logan Thomas,49,1.0,4.601032600288685,8.50944151177433,0.799979165122168,2.6499502781282542,6.311539139135774,2.2033884022796344,35.02727656535488,69.01631864381723,0.0,0.0,1.0,8.47138047138047,1.0203180053501315,6.152677934663743,19.2131710035175,8.643502025120979,52.121675702403955,162.76208163249166,12.0,73.70000076293945,6.8952381156739735,58.41218551863877,
TE,2021,2022,00-0031273,Cameron Brate,101,1.0,3.083069125516486,7.036964545538046,0.9999734386011123,1.921801306441322,3.8499407206710523,0.2840685683601366,18.88995146771569,50.011142340699124,0.0,0.0,1.0,8.47138047138047,1.028380295437126,3.810796453212891,14.851054954740965,8.711800751918547,32.28270665415365,125.80893692299078,9.0,37.39999961853027,5.780701802487959,48.970524360470385,
TE,2021,2022,00-0031484,Chris Manhertz,23,1.0,1.632365118491818,3.323531304570387,0.0,1.1043818849696314,2.0192771549950472,-5.534469066093452e-10,8.213392839176421,29.31462415777038,0.0,0.0,1.0,8.47138047138047,-5.534469066093452e-11,1.9257211688872737,10.950739570772084,-4.688459316596338e-10,16.313516703435624,92.767881347012,6.0,10.200000286102295,2.3999999730210555,20.331312902764225,
TE,2021,2022,00-0031558,Maxx Williams,53,1.0,2.34759560234604,7.08873614429271,0.0,1.7681788483202046,4.650331333090557,0.6125795110000001,18.067170436043355,61.034486614454,0.0,0.0,1.0,7.534351145038168,0.06125795110000001,3.57489589192454,16.75377999453596,0.4615389140129772,26.934520956713904,126.22886148554957,2.0,4.800000071525574,4.333333391131777,32.64885539730584,
TE,2021,2022,00-0031585,MyCole Pruitt,40,1.0,1.883350403347105,3.949084147211905,0.0,1.6096408177934234,3.4917426944195435,0.0,11.598249010166947,35.65776058212066,0.0,0.0,1.0,8.47138047138047,0.0,2.7694657188101184,13.057518752631609,0.0,23.461197806485714,110.6152093657277,9.0,42.60000038146973,4.092857105391366,34.67214975476322,
TE,2021,2022,00-0031598,Nick Boyle,64,1.0,1.0282246070760659,2.855278539903118,0.0,1.0000265613988875,1.865364326306743,0.0,4.810934175864148,27.97007575379698,0.0,0.0,1.0,7.534351145038168,0.0,1.4811199789853022,10.662371901686441,0.0,11.159278009606819,80.33405394629403,0.0,0.0,4.155263103936848,31.307211325081443,
TE,2021,2022,00-0031610,Darren Waller,56,1.9999734386011125,6.520941775427702,11.348699607393476,0.9999734386011123,4.41307662583873,8.81039265019895,10.80492779840823,46.91376372313623,95.8422779965202,0.0,0.0,1.0,9.166666666666666,2.080466218441935,9.104452998152354,24.39462044985097,19.070940335717737,83.45748581639657,223.61735412363387,7.0,79.29999923706055,14.353333208296036,131.572221076047,
TE,2021,2022,00-0031690,Eric Tomlinson,19,1.0,1.109369576544038,2.285695647472387,0.0,1.0000265613988875,1.572847500048463,0.0,5.140530401497227,24.138115628747006,0.0,0.0,1.0,8.47138047138047,0.0,1.5140796015486102,9.986659062923163,0.0,12.826344368674421,84.60078855998208,7.0,21.59999990463257,1.6363636580380527,13.86225913678027,
TE,2021,2022,00-0031951,James O'Shaughnessy,62,1.0,3.5622031385382895,7.572116835859488,0.9999734386011123,2.7874132708893913,5.0821141757429436,1.8888309603120155,30.47728335812915,69.0369284849401,0.0,0.0,1.0,,1.1888565346323139,5.835141606702306,17.985807024236955,,,,0.0,0.0,4.732500123977661,,
TE,2021,2022,00-0032062,Blake Bell,58,1.0,1.1290183036587271,3.2619056580788133,0.0,1.0000265613988875,2.6910299481229982,0.5435225454122945,8.398008379163484,25.34489097858524,0.0,0.0,1.0,8.47138047138047,0.05435225454122945,1.8398273993152359,11.225519045981521,0.4604386276960717,15.585877901269807,95.09564282723738,1.0,8.700000047683716,1.7274999856948852,14.634309643125693,
TE,2021,2022,00-0032134,C.J. Uzomah,65,1.9999734386011125,4.371038826888114,7.365917306394039,0.9999734386011123,2.817988648396479,4.877287455622744,6.005076904581785,28.86943569187626,61.600435695244414,0.0,0.0,1.0,7.534351145038168,1.6004811290592909,5.704932217584105,17.037331025147186,12.058586827339848,42.982962585919935,128.365234517712,12.0,56.20000076293945,6.789361608789322,51.15343441126001,
TE,2021,2022,00-0032135,Jesse James,78,1.0,1.4238609946081684,4.076537631881016,0.0,1.0000265613988875,2.7780034676130723,0.24700002633035184,8.361675093976173,42.094921152545496,0.0,0.0,1.0,7.534351145038168,0.024700002633035185,1.8361940707965048,12.987495582867622,0.1860984931206544,13.83453089981794,97.85235221595681,0.0,0.0,4.0139535637789,30.24253562938759,
TE,2021,2022,00-0032141,Geoff Swaim,44,1.0,2.75381987057379,5.644918486943192,0.9999734386011123,1.9697227214307858,4.249437445070186,0.9035530627942561,15.529558254543891,50.192871709276865,0.0,0.0,1.0,7.534351145038168,1.0903287448805379,3.522678546885175,15.268724615997872,8.214919627458709,26.541097143325707,115.03993279381604,10.0,22.300000190734863,4.7942857197352815,36.121832102127655,
TE,2021,2022,00-0032214,Tyler Kroft,54,1.0,2.0991715451197575,4.6953756031773635,0.0,1.3061901152061082,3.2282446770389672,0.5229859754632749,15.259949778838342,40.22613151491825,0.0,0.0,1.0,7.534351145038168,0.052298597546327485,2.8321850930899424,13.250857828530792,0.3940359983070628,21.33867699908224,99.83661585312895,4.0,9.700000286102295,3.940740753103186,29.690924605441563,
TE,2021,2022,00-0032392,Austin Hooper,84,1.9999734386011125,3.959793719616246,8.170615853725508,0.9999734386011123,2.4894058697982904,5.202317322700286,1.4791553711969851,23.23858763185533,58.96004284249235,0.0,0.0,1.0,7.534351145038168,1.1478889757208108,4.813264632983824,17.098321606949522,8.64859861859878,36.26482589889339,128.82475897755097,16.0,89.60000228881836,9.731578872914898,73.32113242417562,
TE,2021,2022,00-0032394,Nick Vannett,56,1.0,1.949704600367842,4.527281953187309,0.9999734386011123,1.1100851633403015,3.1998678612923266,0.6125795110000001,13.517656638069477,31.774989042590608,0.0,0.0,1.0,7.534351145038168,1.0612313897011123,2.4618508271472495,12.377366765551386,7.9956899361450215,18.548448598430042,93.25542746258945,4.0,7.700000047683716,3.6288889752493962,27.341323805886674,
TE,2021,2022,00-0032725,Stephen Anderson,37,1.0,1.9533448192287886,3.5955060094308853,0.0,1.0000265613988875,2.630080912130964,0.2453663097,7.896989903872476,36.237496225035514,0.0,0.0,1.0,7.534351145038168,0.02453663097,1.7897255517861352,12.253830534634515,0.1848675936441985,13.484420760403935,92.32466211972722,5.0,3.900000035762787,4.078571506908961,30.72938990319958,
TE,2021,2022,00-0033090,Hunter Henry,66,1.9999734386011125,4.512232039737343,8.215914017455672,0.9999734386011123,2.8408126528093534,5.384705751504253,6.005076904581785,33.06807321779324,69.06854024076193,0.0,0.0,1.0,7.534351145038168,1.6004811290592909,6.147619974588677,18.291559775580446,12.058586827339848,46.318327594801715,137.81503433967862,15.0,93.70000076293945,10.882926975808493,81.99579332154948,
TE,2021,2022,00-0033110,Tyler Higbee,82,1.9999734386011125,4.705836973957077,8.839820092853278,0.9999734386011123,3.2622214838805186,6.477526294890688,6.589379883613215,27.191855202908112,65.45024035551123,0.0,0.0,1.0,7.534351145038168,1.6589114269624339,5.98140700417133,19.02255033044181,12.498821209251314,45.066020710817575,143.32257386371043,15.0,144.70000076293945,8.336842248314305,62.81269693958946,
TE,2021,2022,00-0033217,Mo Alie-Cox,47,1.0,2.565933861169584,5.235625509380785,0.0,1.9013515665572616,3.7518462432502964,0.10155817114291633,17.175609309011474,50.17414905321966,0.0,0.0,1.0,7.534351145038168,0.010155817114291634,3.618912497458409,14.769261148572264,0.0765174923038614,27.2661575190187,111.27679964611316,13.0,48.5,4.402127679358137,33.16717572157619,
TE,2021,2022,00-0033258,Darrell Daniels,22,1.0,1.2828398839387323,2.546297513236149,0.0,1.0000265613988875,1.6862427613491442,0.0,7.459490662341789,22.804556910175087,0.0,0.0,1.0,7.534351145038168,0.0,1.7459756276330665,9.966698452366652,0.0,13.154793469265929,75.09260589683882,0.0,0.0,1.600000023841858,12.054962011693998,
TE,2021,2022,00-0033288,George Kittle,66,1.9999734386011125,6.816911737846924,10.36034471479083,0.9999734386011123,4.365485113474836,7.355094147946801,12.911213743887165,53.09207053455562,103.57386956910841,0.0,0.0,1.9999734386011125,7.534351145038168,2.291094812989829,9.674692166930399,29.712321736464318,17.261912827640927,72.89252800580384,223.86306529687238,14.0,183.5999984741211,15.517646714752797,116.9153992935955,
TE,2021,2022,00-0033357,Taysom Hill,32,0.8809796558047839,1.0,3.1195327332371243,0.0,1.0000265613988875,2.4028956719504992,0.0,8.40934702964067,28.244560883286773,0.0,0.0,1.0,8.47138047138047,0.0,1.8409612643629547,11.227351760279177,0.0,15.595483303492234,95.11116844734818,0.0,0.0,3.193750023841858,27.055471582444827,
TE,2021,2022,00-0033387,Jacob Hollister,39,1.0,1.1330174873862686,3.3587371460819737,0.0,1.0000265613988875,2.4719927191723934,1.8448233610746104e-08,8.813961852923477,27.804116548800177,0.0,0.0,1.0,7.534351145038168,1.8448233610746105e-09,1.8814227466912352,11.25240437405241,1.3899547002905654e-08,14.175299625833963,84.77956578007428,0.0,0.0,6.103333409627279,45.984657063374996,
TE,2021,2022,00-0033439,Pharaoh Brown,23,1.0,2.7758289625860613,5.752287329127039,0.9999734386011123,1.572344220607484,4.039705308826912,0.2803892954632748,14.310449430326257,50.04418101467892,0.0,0.0,1.0,7.534351145038168,1.0280123681474398,3.0033891636401098,15.044123410294803,7.745406163065062,22.62858858406709,113.34770844245017,7.0,23.699999809265137,3.7869564813116323,28.53225990118001,
TE,2021,2022,00-0033455,Anthony Firkser,47,1.0,2.749538756429602,4.727145908828318,0.9999734386011123,1.9238589551600196,4.0202074370335,0.649960372020209,17.172539107186413,47.81064938209165,0.0,0.0,1.0,7.534351145038168,1.0649694758031332,3.641112865878661,14.801272375242666,8.023853989448034,27.433422890246096,111.5179834684314,7.0,16.90000057220459,4.917021355730421,37.04656548172463,
TE,2021,2022,00-0033528,Jeremy Sprinkle,27,0.9770023116136317,1.0,3.138843875615508,0.0,1.0000265613988875,2.4343854526062563,0.0,10.745932018040795,29.32423623913512,0.0,0.0,1.0,7.534351145038168,0.0,2.074619763202967,11.366809076519768,0.0,15.630913788407087,85.64153098110695,0.0,0.0,3.204166690508525,24.141316973526063,
TE,2021,2022,00-0033576,Eric Saubert,18,1.0,1.2646501259489706,2.892452752278762,0.0,1.0000265613988875,2.3456105961056726,0.0,7.687131348482778,23.07422242931935,0.0,0.0,1.0,7.534351145038168,0.0,1.7687396962471653,10.653032839037607,0.0,13.326305955694291,80.2636901689322,11.0,35.80000019073486,2.0666666825612383,15.570992486167498,
TE,2021,2022,00-0033611,Ricky Seals-Jones,44,1.9999734386011125,3.9509369642012455,6.660542203119979,0.9999734386011123,2.1330863986108226,4.83615162628273,2.5118316224579624,18.68751883043288,57.07437685614178,0.0,0.0,1.0,7.534351145038168,1.2511566008469086,4.001838281654111,16.54358931189691,9.426653168212969,30.151254839638227,124.64521107513168,0.0,0.0,5.6750000317891445,42.75744298760218,
TE,2021,2022,00-0033757,Robert Tonyan,37,1.0,2.5883593178756374,7.027287194518312,0.0,1.165922804258067,4.099706958050112,0.7686599088363031,18.662010172138693,47.19590713445217,0.0,0.0,1.0,7.534351145038168,0.07686599088363032,3.032123821471936,14.819297671495331,0.5791353664285734,22.84508558620459,111.65379237989231,16.0,106.10000228881836,7.316216410817327,55.12294349218856,
TE,2021,2022,00-0033858,Jonnu Smith,67,1.0,2.9136723178262,5.892671078357948,0.9999734386011123,1.9109655124719125,4.356593305376322,0.2803892954632748,15.944790096859323,48.248113186035354,0.0,0.0,1.0,7.534351145038168,1.0280123681474398,3.5054445221578447,15.181404623979859,7.745406163065062,26.41124994938773,114.38203331197039,12.0,52.0,6.627777673580029,49.9360043039961,
TE,2021,2022,00-0033879,O.J. Howard,48,1.0,1.97783158336289,4.566471321415577,0.0,1.112776901888004,2.8315956736830956,0.0,12.013227800247313,40.905019010446786,0.0,0.0,1.0,7.534351145038168,0.0,2.3140996819127353,12.922097574727774,0.0,17.435239588151678,97.35962065844514,11.0,36.5,7.928571414947509,59.73664111872665,
TE,2021,2022,00-0033881,Evan Engram,64,1.9999734386011125,4.319763486415146,7.697495874922776,0.9999734386011123,2.9007400779887873,5.187228853068899,6.005076904581785,31.42428540387689,68.14156758008332,0.0,0.0,1.0,7.534351145038168,1.6004811290592909,6.043168618376477,18.001385611077232,12.058586827339848,45.53135439952353,135.62876029109336,16.0,168.20000159740448,9.53469431157015,71.83773500396747,
TE,2021,2022,00-0033885,David Njoku,59,1.0,3.2612583616583564,7.248076562546226,0.9999734386011123,2.253909638333902,5.048789586756172,2.413363299196095,26.62455761816465,61.1797843937118,0.0,0.0,1.0,5.696165191740413,1.241309768520722,4.916365400150367,17.16676802612735,7.070705495615085,28.004429462213444,97.78474648510888,13.0,129.80000227689743,7.3418604440467305,41.8204499039948,
TE,2021,2022,00-0033895,Gerald Everett,69,1.9999734386011125,4.265026141830534,7.989610712374425,0.9999734386011123,2.9077431283964787,4.949561433708708,6.005076904581785,27.61783956203697,59.82939062145875,0.0,0.0,1.0,7.534351145038168,1.6004811290592909,5.669527084600176,16.932500495854583,12.058586827339848,42.716207881682244,127.57540449930133,14.0,127.70000076293945,6.7553570951734265,50.89723246516162,
TE,2021,2022,00-0033896,Adam Shaheen,37,1.0,2.0019849590055214,4.053273487353742,0.0,1.0000265613988875,3.4753730053504004,0.04304672099999999,13.27548218913544,41.22672934789095,0.0,0.0,1.0,7.534351145038168,0.0043046720999999994,2.327574780312432,13.598045940139496,0.03243291116564885,17.536765711208933,102.45245299937163,0.0,0.0,3.2322580814361572,24.352967376927385,
TE,2021,2022,00-0034011,Dan Arnold,36,1.9999734386011125,4.864148187026779,8.133707844116609,0.9999734386011123,2.877919702450932,4.704281067364187,6.762176200223712,26.562017329425963,66.35064340666565,0.0,0.0,1.0,7.534351145038168,1.6761910586234836,5.534121435393528,17.339345408030752,12.629012021842582,41.6960141735375,130.6407169292088,10.0,22.5,6.67500016424391,50.29179513060106,
TE,2021,2022,00-0034073,Ross Dwelley,21,1.0,2.6658361962177324,3.6801988333912097,0.0,1.0000265613988875,2.6918219328130077,0.24700002633035184,6.475873109539514,34.32939860064569,0.0,0.0,1.0,7.534351145038168,0.024700002633035185,1.647613872352839,12.124761792877576,0.1860984931206544,12.413701465742383,91.3522128974822,4.0,19.5,4.9571428923379806,37.34885522700448,
TE,2021,2022,00-0034159,Will Dissly,36,1.0,2.368676680929931,4.601026378730504,0.0,1.9257430367118622,3.5661241392494376,0.47487946341544446,14.44548779845847,37.708858474275495,0.0,0.0,1.0,5.696165191740413,0.04748794634154445,3.3702918165577094,13.337009986676987,0.27049918697794195,19.19773893148359,75.96981204800372,15.0,86.9000015258789,6.111111111111111,34.809898393969185,
TE,2021,2022,00-0034270,Tyler Conklin,32,1.9999734386011125,4.991647742578954,9.354615579335551,0.9999734386011123,3.0547111618008542,6.305006236017933,6.589379883613215,34.70377158697188,66.67307196832863,0.0,0.0,1.0,7.534351145038168,1.6589114269624339,6.5250883204980425,18.972313432850797,12.498821209251314,49.162306659019606,142.9440714368224,16.0,128.20000153779984,6.456249952316284,48.643654220886816,
TE,2021,2022,00-0034351,Dallas Goedert,55,1.9999734386011125,4.469349131626082,8.075735057265815,0.9999734386011123,3.6425665728092738,6.4130948199304765,8.394068955349994,37.28817963289214,77.02728143917268,0.0,0.0,1.0,7.534351145038168,1.8393803341361117,7.371384536098487,20.115822963847748,13.858537326659102,55.538599520070285,151.55967378105134,11.0,132.5999984741211,9.427272562547163,71.02838182621413,
TE,2021,2022,00-0034364,Jordan Akins,54,1.0,2.659495399094993,5.2753404449193315,0.9999734386011123,1.9623026121571314,4.121464529233846,0.2840685683601366,15.046056184956443,47.04030065636021,0.0,0.0,1.0,8.47138047138047,1.028380295437126,3.466908230652776,14.825494594869868,8.711800751918547,29.369498681220147,125.59240538953732,14.0,93.5,4.777777936723497,40.47437470975191,
TE,2021,2022,00-0034365,Ian Thomas,46,1.0,2.489070815555733,4.761061332652142,0.9999734386011123,1.8935668248944397,4.013595716178494,0.003118710097609124,15.527414154051135,47.408319335038854,0.0,0.0,1.0,5.696165191740413,1.0002853096108733,3.4463082402995533,14.75442764968238,5.697790362414738,19.63074103840247,84.04365720217308,13.0,40.70000076293945,4.221739048543184,24.047723016922973,
TE,2021,2022,00-0034383,Dalton Schultz,41,1.9999734386011125,6.020085905285217,9.843733115293508,0.9999734386011123,4.062425058816668,7.142403389366373,10.115688529138227,42.10399847938591,79.3998059054384,0.0,0.0,1.0,5.696165191740413,2.0115422915149352,8.27282490675526,21.08238397991021,11.45807718264112,47.12337727122243,120.08874178527026,14.0,137.4000015258789,8.863414665547813,50.48747409785494,
TE,2021,2022,00-0034753,Mark Andrews,61,1.9999734386011125,7.2377686889423,10.305253371977374,0.9999734386011123,4.750144554327031,7.700946328332097,15.12782903234294,60.02226918268922,117.15386626169459,0.0,0.9999734386011123,1.9999734386011125,5.696165191740413,2.5127563418354066,16.752212104202627,31.416173586108233,14.313075209687817,95.42336747261142,178.9517144388643,15.0,188.50000458955765,12.575409928306204,71.6316123054846,
TE,2021,2022,00-0034798,Durham Smythe,41,1.0,2.8460076822012432,5.4005270967406425,0.9999734386011123,1.9840762496964217,4.365907396182885,0.9645820776439262,18.203674713993767,52.09701336366665,0.0,0.0,1.0,7.534351145038168,1.096431646365505,3.804443721095798,15.57560873254955,8.260901030250027,28.664014906271397,117.35210548875119,11.0,33.100000001490116,3.604878091230625,27.160417374386466,
TE,2021,2022,00-0034829,Mike Gesicki,60,1.9999734386011125,6.3160107006592945,9.749712964022823,0.9999734386011123,3.62941582675206,6.949260724066921,12.227879498905164,40.964969517103945,79.0135239187835,0.0,0.0,1.0,5.696165191740413,2.222761388491629,7.725912778462455,20.850613115945272,12.661216050670605,44.00807544310029,118.76853665749356,16.0,89.60000038146973,8.30500014623006,47.30665275035471,
TE,2021,2022,00-0034830,Hayden Hurst,52,1.0,2.631808002886065,5.8522603462623906,0.0,1.7545021718534741,3.9710317932393324,0.4547459676439266,19.953171995718545,46.45508358164834,0.0,0.0,1.0,7.534351145038168,0.045474596764392666,3.7498193714253287,14.616540151404166,0.3426215802019509,28.25245587478473,110.12614602622834,12.0,100.0,6.213461564137385,46.814401250409155,
TE,2021,2022,00-0034981,Foster Moreau,29,1.0,3.430520986554158,7.334880994788735,0.9999734386011123,2.154575829947459,5.1038823543454095,2.184167227989043,24.492829295539586,67.52240069682203,0.0,0.0,1.0,5.696165191740413,1.2183901614000168,4.603858759501418,17.856122424027614,6.940151627325759,26.22434001356117,101.71142301120153,13.0,85.0,6.19655179977417,35.296582670690036,
TE,2021,2022,00-0035229,T.J. Hockenson,40,1.9999734386011125,6.230757619961296,10.083509997714327,0.9999734386011123,3.9971693875814256,7.241033115127625,10.80492779840823,43.575801771613676,85.5550488975052,0.0,0.0,1.0,5.696165191740413,2.080466218441935,8.354749564742793,21.796538004878144,11.850679256080756,47.59003365639626,124.1566810838339,16.0,210.8000030517578,9.982500362396241,56.86197109081752,
TE,2021,2022,00-0035329,Donald Parham,22,1.0,2.2558736304581357,4.091679452130512,0.0,1.0000265613988875,3.050077982676078,0.006485863152603236,11.51347355890013,38.513354462103244,0.0,0.0,1.0,5.818181818181818,0.0006485863152603236,2.1513739172889004,12.901413428886404,0.0037735931069691558,12.517084609680875,75.06276904079363,5.0,23.90000057220459,4.586363673210144,26.68429773504084,
TE,2021,2022,00-0035631,Drew Sample,27,1.0,1.5612886538251909,3.5737299488613203,0.0,1.0000265613988875,3.055448626087761,0.0,8.08246040129956,25.692337298358275,0.0,0.0,1.0,5.696165191740413,0.0,1.8082726015288435,11.62468235592359,0.0,10.30021945000648,66.21611100085089,2.0,1.7999999970197678,3.933333313023603,22.404916305158043,
TE,2021,2022,00-0035644,Noah Fant,45,1.9999734386011125,5.219323617248537,9.508271296993138,0.9999734386011123,3.72647761660339,6.592008294454999,9.432354284156226,36.637466070975506,78.63465754441992,0.0,0.0,1.0,5.696165191740413,1.943208867016735,7.39022422370094,20.455474048896992,11.06883870858205,42.09593798220211,116.51775925787636,16.0,116.60000228881836,9.286667113833957,52.89838996110139,
TE,2021,2022,00-0035689,Dawson Knox,40,1.9999734386011125,4.375984281978357,8.442769459619452,0.9999734386011123,2.9276680736025384,5.415400017799217,6.925232104472058,30.385348838590726,64.72702960577345,0.0,0.0,1.0,5.696165191740413,1.6924966490483182,5.966202957461611,17.888102978376562,9.64074049944632,33.98447761315153,101.89358953169658,14.0,126.4000015258789,7.585000085830688,43.20541346825681,
TE,2021,2022,00-0036040,Juwan Johnson,16,1.0,1.8846105226011318,4.724340958301621,0.0,1.0000265613988875,2.4991466208384927,0.44600007302178735,13.652388887458676,40.590736226215434,0.0,0.0,1.0,5.696165191740413,0.04460000730217874,2.365265450144755,12.558220243460037,0.25404900914603873,13.472942726340772,71.53369702100687,15.0,131.70000076293945,3.3312500715255737,18.975350702406732,
TE,2021,2022,00-0036232,Harrison Bryant,24,1.0,2.542620068865614,4.947886363343429,0.0,1.0000265613988875,3.3758505102746112,1.7150842331526044,12.441488999427024,44.533674110038255,0.0,0.0,1.0,5.696165191740413,0.17150842331526045,2.24417546134159,13.829217921278437,0.9769403109786664,12.783194147051947,78.77350975217894,13.0,57.6999996304512,5.258333404858907,29.95233570732315,
TE,2021,2022,00-0036290,Cole Kmet,29,1.9999734386011125,5.13160484199774,9.580808517081483,0.9999734386011123,3.3729251753439384,6.551101303803214,7.278619152883219,36.02385815761793,70.64481290487291,0.0,0.0,1.0,4.789571694599627,1.7278353538894342,6.975310991105731,19.615582594290505,8.275591303917365,33.40875208402968,93.95023916669493,16.0,131.60000079870224,6.093103540354761,29.18335624914794,
TE,2021,2022,00-0036422,Adam Trautman,20,1.9999734386011125,3.818204650396739,6.642373506134178,0.9999734386011123,1.909339033246594,5.031858126203666,2.5118316224579624,23.69074019548247,57.009258739343075,0.0,0.0,1.0,5.696165191740413,1.2511566008469086,4.278413052794841,16.732784000137976,7.126794679160414,24.370547507217807,95.31270178249684,11.0,41.89999961853027,4.729999923706055,26.942860922349237,
TE,2021,2022,00-0036423,Albert Okwuegbunam,17,1.0,2.8130939758560816,5.690662927293262,0.9999734386011123,2.0004393669720097,4.496451185388968,0.8893392197957689,16.757570236709412,50.193376362942544,0.0,0.0,1.0,5.696165191740413,1.0889073605806892,3.676196390642951,15.515788821683223,6.202596204369648,20.940221918382118,88.38049620846697,5.0,25.5,6.30000005048864,35.88584099555623,
TE,2021,2022,00-0036970,Kyle Pitts,16,1.9999734386011125,6.144674450002363,9.141952542780198,0.9999734386011123,3.9297826700519063,6.299199797137908,11.015595083423047,45.01698778113865,95.97329087032463,0.0,0.0,1.9999734386011125,4.789571694599627,2.101532946943417,8.431481448165771,27.896369515777046,10.06544271794873,40.38318488767665,133.61166181485765,10.0,75.60000228881836,10.862500190734863,52.02672344612675,
TE,2022,2023,00-0024243,Marcedes Lewis,200,1.0,1.585469547313192,3.336914170467296,0.9999734386011123,1.9980298832878718,2.4488479220585204,0.0,8.566265847198485,32.18254493326822,0.0,0.0,1.0,8.370607028753994,0.9999734386011123,2.8546564680077204,11.667102415385342,8.370384693721771,23.895207495783477,97.66072948341724,5.0,12.900000095367432,3.436363686214794,28.76445002518454,
TE,2022,2023,00-0030061,Zach Ertz,142,1.9999734386011125,5.871871553965179,9.902470085235155,0.9999734386011123,3.1030945275770065,6.394177875788438,8.249368979759499,31.787780876983998,73.77506400146964,0.0,0.0,1.0,8.370607028753994,1.8249103365770623,6.2818726152754065,19.771684275935403,15.275607290197774,52.58308706716156,165.5009993704497,7.0,51.70000076293945,12.469117809744443,104.37408518060845,
TE,2022,2023,00-0030506,Travis Kelce,141,1.9999734386011125,8.280411154792164,11.117495219153113,0.9999734386011123,4.965866115597512,8.110930127107121,15.771441107551114,58.99948262803526,120.72071231375354,0.0,0.0,1.0,8.370607028753994,2.577117549356224,10.865814378401039,26.183001358482475,21.572038272566477,90.95346220897996,219.16761520518878,15.0,221.4000015258789,18.079486871377014,151.336279881814,5.9
TE,2022,2023,00-0031260,Logan Thomas,61,1.9999734386011125,4.160375388892279,7.4644673811091415,0.9999734386011123,2.8414830344969184,4.935475396392763,4.159262492636286,22.385072746365527,63.83300924712966,0.0,0.0,1.0,8.370607028753994,1.415899687864741,5.079990309133471,17.31877632110573,11.851939879251187,42.522602587634815,144.96867080286586,15.0,126.90000076591969,6.727777834291811,56.31558442761836,
TE,2022,2023,00-0031484,Chris Manhertz,29,1.0,1.1320567789171658,3.272212870724184,0.9999734386011123,1.0000265613988875,1.9432294026821086,-0.016345828720876074,8.974726743263785,24.191076811111138,0.0,0.0,1.0,8.370607028753994,0.9983388557290247,1.897499235725266,10.362337083793223,8.356702242843594,15.883220439617244,86.73905162791772,4.0,3.600000023841858,2.232000000476837,18.68319489217033,
TE,2022,2023,00-0031585,MyCole Pruitt,49,1.0,1.77369315122663,4.329870729194724,0.0,1.1822288018898806,2.919422829159637,0.2563533537093508,11.471122672967082,45.568476252150376,0.0,0.0,1.0,8.370607028753994,0.025635335370935083,2.329341069186589,13.476270454374674,0.2145833184404151,19.497998726098604,112.80456418677844,8.0,23.300000190734863,4.248648698265488,35.5637686564076,
TE,2022,2023,00-0031610,Darren Waller,63,1.9999734386011125,5.471479008428246,9.305802433397625,0.9999734386011123,3.194328509090731,5.828798315586944,8.020974243582993,34.49444360176878,73.92162723712326,0.0,0.0,1.0,8.370607028753994,1.8020708629594115,6.643772869267609,19.22096103929927,15.084427031800827,55.61241187693654,160.89111157496515,11.0,103.70000076293945,13.946154080904448,116.73777537370498,60.3
TE,2022,2023,00-0031690,Eric Tomlinson,26,1.0,1.5260927751123576,3.3639144789267337,0.0,1.0000265613988875,2.719779392060978,0.002902331043508092,9.210775513942496,28.62177629602354,0.0,0.0,1.0,8.370607028753994,0.0002902331043508092,1.9211041127931372,11.581957021663332,0.002429427263255975,16.08080758951444,96.94801085226176,0.0,0.0,2.2000000675519304,18.41533602870945,
TE,2022,2023,00-0032062,Blake Bell,59,1.0,1.2449568546034306,2.1519491683432275,0.0,1.0000265613988875,1.6004447361451515,0.40951000000000004,8.655511444289921,17.75025102636033,0.0,0.0,1.0,8.370607028753994,0.04095100000000001,1.8655777058278797,9.375469838781186,0.3427847284345049,15.616017857089602,78.47837373037287,5.0,12.299999952316284,1.8975609410099867,15.883736950307238,
TE,2022,2023,00-0032134,C.J. Uzomah,77,1.0,2.1164448813340266,5.432200458038801,0.0,1.475681331754659,3.226615475749528,0.6913204023965887,12.890306447466001,39.57770439610574,0.0,0.0,1.0,8.370607028753994,0.06913204023965887,2.7647119765012595,13.184385915360101,0.5786771419421926,23.14231750298179,110.36131341291843,7.0,19.800000190734863,6.361016992795266,53.24557354991565,
TE,2022,2023,00-0032141,Geoff Swaim,54,1.0,1.3687701198292954,3.3349695247228617,0.0,1.2605395432771993,3.151939780911439,0.21212180812613768,10.501332179958684,24.003282446036458,0.0,0.0,1.0,7.403478260869565,0.02121218081261377,2.310672761273068,11.552268025515085,0.15704391951182053,17.107015556068607,85.5269651906395,7.0,19.40000057220459,4.224444376097785,31.275582102692642,
TE,2022,2023,00-0032214,Tyler Kroft,58,1.0,2.162251827146668,3.220456362898688,0.0,1.0000265613988875,2.0559570998057657,0.5409137807967026,10.228524656942541,38.693774782182246,0.0,0.0,1.0,8.370607028753994,0.054091378079670266,2.0228790270931416,11.925334578023989,0.45277766954867765,16.932725402504893,99.82228943905065,0.0,0.0,3.745161333391743,31.349273781106607,
TE,2022,2023,00-0032392,Austin Hooper,100,1.0,3.1182120175602828,6.168499065478435,0.9999734386011123,1.9992200197920103,4.395704766744551,1.7596902545549002,21.2477319667825,58.208747155142206,0.0,0.0,1.0,7.403478260869565,1.1759424640566023,4.12399321647026,16.216579482258773,8.706064468676445,30.531894126111123,120.05909366256624,15.0,40.5,8.826027514183359,65.34330283109314,
TE,2022,2023,00-0032394,Nick Vannett,60,1.0,1.541767787795641,2.5095412082438773,0.0,1.0000265613988875,2.3791390106205577,0.0,8.282452679136622,24.2496755560707,0.0,0.0,1.0,8.370607028753994,0.0,1.8282718293125497,10.804106566227627,0.0,15.303745024916552,90.43693036267216,0.0,0.0,3.4897959621585146,29.211710609761372,
TE,2022,2023,00-0032725,Stephen Anderson,42,1.0,1.2602741392234633,3.0602521234331146,0.0,1.0000265613988875,2.2629594521102887,0.0,8.043692055204595,34.014790494826784,0.0,0.0,1.0,8.370607028753994,0.0,1.804395766919347,11.664438501592967,0.0,15.103887889229041,97.6384309079028,0.0,0.0,3.2105262969669544,26.87405398739112,
TE,2022,2023,00-0033090,Hunter Henry,81,1.0,3.4026289774331113,7.375929701128533,0.9999734386011123,2.4678447264833725,4.68460201333325,2.15286831234559,22.140695640449366,61.93497960293729,0.0,0.0,1.0,7.403478260869565,1.2152602698356714,4.68191429052831,16.87809997362698,8.997152989026874,34.66245066918089,124.95664623953053,13.0,119.9000015258789,9.641071319580078,71.37746192600416,
TE,2022,2023,00-0033110,Tyler Higbee,97,1.9999734386011125,5.42262383017233,8.923051180965448,0.9999734386011123,3.5937158391036457,7.059466927825415,9.016599805626054,29.88662187838891,77.79676919770147,0.0,0.0,1.0,8.370607028753994,1.9016334191637179,6.582378026942537,20.83914384759556,15.917826064565308,55.098499778241056,174.43628396389897,15.0,108.5,8.609722402360704,72.06860285682124,131.6
TE,2022,2023,00-0033217,Mo Alie-Cox,60,1.0,2.120121746017027,4.288406272760989,0.0,1.0000265613988875,3.202840744101766,0.11937909526272664,12.060349370973698,40.616834050081,0.0,0.0,1.0,7.403478260869565,0.011937909526272664,2.2060614984962577,13.264524149109867,0.08838205365798736,16.33252834625838,98.20361617871427,12.0,43.30000019073486,4.25666671593984,31.51413949522765,
TE,2022,2023,00-0033246,Johnny Mundt,22,1.0,1.3752225819283903,3.4686322321001635,0.0,1.0000265613988875,2.8115092050137425,-0.007959051747502895,9.42514480936982,28.79591696909134,0.0,0.0,1.0,7.403478260869565,-0.0007959051747502895,1.9425410423358695,11.691100901922876,-0.00589246665897736,14.381560377780515,86.55481137301858,8.0,29.40000057220459,2.650000062855807,19.619217856655947,
TE,2022,2023,00-0033288,George Kittle,80,1.9999734386011125,5.124816545257631,9.715918157757073,0.9999734386011123,3.8265696552514203,6.741576887948091,8.221205069449551,42.19837487492704,89.40598073930589,0.0,0.0,1.0,7.403478260869565,1.8220939455460674,8.046407142744124,21.68217496187868,13.489832915112363,59.57140035941171,160.5235109786392,16.0,203.20000000298023,15.000000403477596,111.05217690018108,55.7
TE,2022,2023,00-0033439,Pharaoh Brown,30,1.0,2.1630004510591387,5.9653655337964375,0.0,1.7811090565803536,3.7656011294926115,-0.009969224896679892,13.862827801866741,39.20813451663049,0.0,0.0,1.0,7.403478260869565,-0.0009969224896679892,3.1673918367670275,13.68641458115566,-0.0073806939800289215,23.449716607160408,101.32707282083416,8.0,38.80000114440918,3.6933333635330197,27.34351326706098,
TE,2022,2023,00-0033455,Anthony Firkser,54,1.0,2.023529403842752,3.155673156941541,0.0,1.5833813868739988,2.5495360035191377,-0.0008942888308066479,12.138362903042722,33.10028393186927,0.0,0.0,1.0,7.403478260869565,-8.94288830806648e-05,2.797217677178271,11.859564396706066,-0.0006620847917815478,20.70914026390939,87.80202719439603,0.0,0.0,4.592592645574499,34.00115981254025,
TE,2022,2023,00-0033576,Eric Saubert,29,1.0,2.0995217113520344,5.067028698784891,0.0,1.4180987359365491,2.818484069788183,-0.00762099172273881,11.788582286380246,41.59045263712897,0.0,0.0,1.0,7.403478260869565,-0.0007620991722738811,2.5969569645745736,12.977529333501082,-0.005642184654556368,19.226514431641668,96.07885630037235,2.0,2.699999988079071,2.517241360812352,18.636341692135968,
TE,2022,2023,00-0033757,Robert Tonyan,53,1.9999734386011125,3.4492812128973562,6.6683450396980275,0.9999734386011123,2.28368374598804,4.776703911036845,5.255293505440464,19.968917524771445,60.17347791827432,0.0,0.0,1.0,7.403478260869565,1.5255027891451587,4.2805754984651845,16.79405170286428,11.29402673633207,31.691147646897896,124.3343966940752,10.0,22.199999809265137,7.109434001850632,52.63454007978807,
TE,2022,2023,00-0033858,Jonnu Smith,79,1.0,2.8421210755333117,5.857651371738609,0.9999734386011123,1.9868393765108563,4.363190285326482,0.7922133382422843,14.65972057420572,40.94371148865636,0.0,0.0,1.0,12.75,1.0791947724253408,3.452811433931428,14.457561434192119,13.759733348423095,44.02334578262571,184.33390828594952,14.0,114.29999923706055,6.203030492320205,79.08863877708262,
TE,2022,2023,00-0033881,Evan Engram,80,1.9999734386011125,5.228676996149402,9.02272325798322,0.9999734386011123,3.7425067162787826,6.890402183570912,8.221205069449551,39.325185055860146,77.13874097192537,0.0,0.0,1.0,7.403478260869565,1.8220939455460674,7.675025221864797,20.60427628076345,13.489832915112363,56.821882381701634,152.54331152558262,16.0,210.4000015258789,9.755384408510647,72.22377639483447,87.9
TE,2022,2023,00-0033885,David Njoku,72,1.9999734386011125,5.204359758034671,9.188256222069137,0.9999734386011123,3.5493957956392626,6.729822542806787,8.221205069449551,34.50921170199328,80.46226747617905,0.0,0.0,1.0,7.403478260869565,1.8220939455460674,7.000316965838591,20.776049290424695,13.489832915112363,51.8266944757824,153.81502926841378,16.0,205.20000457763672,7.9696431159973145,59.003079556174896,103.8
TE,2022,2023,00-0033895,Gerald Everett,83,1.9999734386011125,4.83241796918428,8.83923885495573,0.9999734386011123,3.192534976780987,5.3955089918490176,7.507884904165045,32.80426761132705,67.73543646497183,0.0,0.0,1.0,7.403478260869565,1.7507619290176168,6.472961737913693,18.1690526383462,12.961727881439991,47.9224315100845,134.51418622859092,14.0,109.70000076293945,7.228571394511631,53.51657117641045,154.9
TE,2022,2023,00-0034073,Ross Dwelley,25,1.0,1.3051579883404112,3.198120127290155,0.0,1.0000265613988875,1.899984889102707,0.5409137807967026,10.184102092736282,40.042711972586076,0.0,0.0,1.0,7.403478260869565,0.054091378079670266,2.0184367706725155,11.904256086361315,0.4004643417133153,14.943452752613736,88.1329011472002,2.0,2.200000047683716,4.9439999294281005,36.6027959992616,
TE,2022,2023,00-0034159,Will Dissly,51,1.0,2.0997570627430333,4.813614168322381,0.0,1.8487848976858576,4.216739888079599,2.0955865479536686,15.26940756588752,46.63324776190846,0.0,0.0,1.0,7.403478260869565,0.20955865479536687,3.3757256542746097,14.880064664270446,1.5514629451545683,24.992111496081762,110.16423526225962,11.0,26.600000381469727,6.017647121466842,44.55151964536408,
TE,2022,2023,00-0034270,Tyler Conklin,48,1.9999734386011125,4.9820061017615265,9.17673123963292,0.9999734386011123,3.031864155462105,5.99670722702162,6.229665081276432,31.574706444987584,69.3645611364518,0.0,0.0,1.0,7.403478260869565,1.6229399467287555,6.189334799960863,18.933163340666802,12.015400614303152,45.82260564075373,140.17126320211926,16.0,119.5,6.96875,51.59298913043478,
TE,2022,2023,00-0034351,Dallas Goedert,66,1.9999734386011125,5.219367710790248,8.885307719053547,0.9999734386011123,3.3714602709357147,6.379406991070699,9.854364060015964,35.172569714007516,81.83350060106117,0.0,0.0,1.9999734386011125,7.403478260869565,1.9854098446027089,6.888717242336466,26.562597682783494,14.698938623432577,51.00046834891536,196.65561449671188,13.0,134.89999923855066,9.865151304187197,73.03643322073896,69.7
TE,2022,2023,00-0034364,Jordan Akins,68,1.0,3.0133964443649868,6.9632063951652405,0.9999734386011123,2.0213941251995973,4.380846065955754,1.8769860065261061,22.63531623103789,55.18022086777407,0.0,0.0,1.0,8.370607028753994,1.187672039253723,4.284925748303387,15.898868152733161,9.941535919631804,35.8674295864373,133.08317750850122,12.0,22.800000190734863,5.16911774523118,43.26865333068911,
TE,2022,2023,00-0034365,Ian Thomas,59,1.0,2.067733837967155,4.986707860425383,0.9999734386011123,1.919931976244045,3.6425931847676525,1.4043117164218244,13.66711751584607,41.42681249816191,0.0,0.0,1.0,7.403478260869565,1.1404046102432948,3.286643727828652,13.785274434583844,8.442960740531662,24.332595390202734,102.05897959656247,6.0,9.099999904632568,3.981355970188723,29.475882374075464,
TE,2022,2023,00-0034383,Dalton Schultz,55,1.9999734386011125,4.97042415232973,9.356337737003432,0.9999734386011123,3.072383123453042,6.730207491320633,7.507884904165045,32.11052171267821,62.87098104147323,0.0,0.0,1.0,7.403478260869565,1.7507619290176168,6.283435294720863,19.017305595467956,12.961727881439991,46.519276608046454,140.79420855636016,14.0,143.29999923706055,9.105454535917803,67.41203471200362,117.4
TE,2022,2023,00-0034753,Mark Andrews,76,1.9999734386011125,6.75479001862043,9.530835893725014,0.9999734386011123,4.537138933052455,6.8393292108644195,15.771441107551114,49.97856595700575,94.76399187728352,0.0,0.0,1.0,7.403478260869565,2.577117549356224,9.534995528753031,22.31572839859277,19.079633752364252,70.59213211461157,165.21401007445118,10.0,135.4000015258789,12.56315803527832,93.01106740205184,28.9
TE,2022,2023,00-0034798,Durham Smythe,52,1.0,1.1652357965805065,3.260106042191273,0.9999734386011123,1.0000265613988875,2.515974013609362,0.32755417127912395,7.341736333438742,28.146459858239663,0.0,0.0,1.0,7.403478260869565,1.0327288557290246,1.7342001947427619,11.33061999943333,7.645785632762535,12.839113441773803,83.88599884797857,12.0,65.60000228881836,3.3615385110561666,24.887077289680175,
TE,2022,2023,00-0034829,Mike Gesicki,76,1.0,2.9506154408238228,5.453001521594174,0.9999734386011123,2.002492263140107,3.485161122792359,0.31014471677062566,17.235135939624016,48.723755044643895,0.0,0.0,1.0,7.403478260869565,1.030987910278175,3.7260058571025088,14.35753662725675,7.632896580963809,27.585403362931093,106.29571029953388,14.0,63.89999961853027,7.735526348415174,57.26980115687547,
TE,2022,2023,00-0034830,Hayden Hurst,64,1.9999734386011125,4.79063514866628,7.591994796588899,0.9999734386011123,3.2601685065430894,5.2755398582625865,6.029434255409875,29.320818481467704,62.436832323685394,0.0,0.0,1.0,,1.6029168641420999,6.19225035468986,17.519223090631126,,,,9.0,42.39999961853027,6.610937595367432,,
TE,2022,2023,00-0034970,Irv Smith,33,1.0,3.2738810183581184,6.3819986966044615,0.9999734386011123,2.2138521440709775,4.930736937280122,3.033758739781578,18.748059044269528,48.130001077545295,0.0,0.0,1.0,5.53713768115942,1.3033493125792701,4.088658048497931,15.743737045034653,7.216824590395904,22.63946254571363,87.17523963432683,9.0,35.5,6.860606244116118,37.98812134989296,
TE,2022,2023,00-0034981,Foster Moreau,42,1.9999734386011125,3.7134180105097845,7.462548172198007,0.9999734386011123,2.6383427588283004,5.121238902299674,2.300598075676839,18.997725641101603,62.7972270017156,0.0,0.0,1.0,5.53713768115942,1.2300332461687962,4.538115322938461,17.400961602471234,6.810863436440082,25.128169356089504,96.35152017745168,10.0,45.0,6.3023810273125065,34.897151467356295,
TE,2022,2023,00-0035222,Zach Gentry,23,1.0,1.575361559597475,3.685783904699028,0.0,1.2705574527059285,3.0114401584343655,0.2567347835500444,9.498365602655833,31.95426268612824,0.0,0.0,1.0,5.53713768115942,0.025673478355004442,2.2203940129715116,12.206866427047188,0.14215758440592585,12.294627356245336,67.59110006208284,0.0,0.0,2.526087040486543,13.987291737766519,
TE,2022,2023,00-0035229,T.J. Hockenson,56,1.9999734386011125,7.148105921510807,11.995070575278667,0.9999734386011123,4.811995847618764,8.632436517887704,15.771441107551114,60.43653092511594,102.30863479676773,0.0,0.0,1.0,5.53713768115942,2.577117549356224,10.855648940130358,24.86329999756448,14.269854691317569,60.10922279983413,137.67151529448518,15.0,221.0,10.894643034253802,60.32513846774772,44.2
TE,2022,2023,00-0035249,Josh Oliver,23,1.0,2.1173261696051187,5.113787397746223,0.0,1.0400112685041352,3.8060729034197873,-0.04386446851196902,13.107174127411264,42.63664486771389,0.0,0.0,1.0,5.53713768115942,-0.0043864468511969025,2.3507286812452617,14.069737390191177,-0.024288360146165457,13.016308359105329,77.90607306724516,11.0,50.20000076293945,2.604347850965417,14.420632620427167,
TE,2022,2023,00-0035329,Donald Parham,27,1.0,1.9385308781977924,4.864960754544468,0.0,1.0000265613988875,3.0184424282603715,0.0,12.996246191461488,35.10456161927859,0.0,0.0,1.0,5.53713768115942,0.0,2.2996511805450366,12.52889859018823,0.0,12.733485205318667,69.37423648715638,12.0,66.20000076293945,4.622222163059093,25.593880509764706,
TE,2022,2023,00-0035631,Drew Sample,29,1.0,1.0274415771462106,2.4464120494046093,0.0,1.0000265613988875,1.9622736247567014,0.0,7.513958208862798,29.59769721021436,0.0,0.0,1.0,7.403478260869565,0.0,1.7514223822851673,10.922043345778137,0.0,12.966617532848622,80.86111047474353,13.0,47.60000038146973,3.724137988583795,27.571574638958634,
TE,2022,2023,00-0035644,Noah Fant,61,1.0,3.286380284502684,6.633132535169293,0.9999734386011123,2.8548059247755857,4.817117809238368,3.9770808465530596,24.181604355089156,59.98778617070364,0.0,0.0,1.0,5.53713768115942,1.3976815232564184,5.272966360284501,16.815896426308733,7.7391550286834105,29.19714072501735,93.11193374458811,14.0,73.4000015258789,8.762294890450649,48.51803321134494,
TE,2022,2023,00-0035689,Dawson Knox,54,1.9999734386011125,4.52732855317874,8.168911211843294,0.9999734386011123,2.996786827361354,5.624573279630336,6.229665081276432,31.30189589721926,70.54264308350025,0.0,0.0,1.0,5.53713768115942,1.6229399467287555,6.12697641708328,18.67883758798036,8.986441933290655,33.92591199060696,103.42729544866299,9.0,42.39999961853027,7.959259377585516,44.07151501375023,152.7
TE,2022,2023,00-0036040,Juwan Johnson,31,1.9999734386011125,3.9858557595340067,7.720414543127908,0.9999734386011123,2.736875297127586,5.259015355186376,4.177311672419617,27.59328346513477,64.69180037642468,0.0,0.0,1.0,5.53713768115942,1.417704605843074,5.4962036436410635,17.728195392828844,7.850025593766948,30.433236298530634,98.16345872858942,12.0,90.79999923706055,5.9677419893203245,33.04420904050284,
TE,2022,2023,00-0036232,Harrison Bryant,37,1.0,2.878276048555862,5.172751216782131,0.9999734386011123,1.999996810314647,3.664668666642363,0.765672987896974,16.61539553301316,45.80148579957224,0.0,0.0,1.0,5.53713768115942,1.0765407373908098,3.661536363615963,14.244817246599588,5.9609542823098005,20.27443096991339,78.87551433737616,13.0,39.900000393390656,4.948648636405532,27.401348835459252,
TE,2022,2023,00-0036244,Colby Parkinson,18,1.0,2.0495342706088584,4.71185834148815,0.0,2.0829784506183184,3.760385725614491,0.3995005425212247,14.770133736262386,47.62373812859034,0.0,0.0,1.0,5.53713768115942,0.039950054252122474,3.559991824244557,14.522759538473526,0.22120895076379046,19.712164874644,80.41451907489915,13.0,57.89999961853027,3.944444431198968,21.84093189123124,
TE,2022,2023,00-0036290,Cole Kmet,45,1.9999734386011125,4.833506144064418,7.10254471581218,0.9999734386011123,3.5095348266832618,5.8691290405883345,4.317631675003777,30.701669170973602,71.6826725057677,0.0,0.0,1.0,5.53713768115942,1.43173660610149,6.579701743780622,19.037396291165106,7.927722711139862,36.43271445627803,105.4126843549749,14.0,174.00000305473804,6.8311113092634415,37.82480383471686,146.0
TE,2022,2023,00-0036332,Josiah Deguara,21,1.0,1.5461959930618034,2.919276561007478,0.0,1.0000265613988875,2.6296934224847566,0.0,9.51992265045571,34.96032364569034,0.0,0.0,1.0,5.53713768115942,0.0,1.9520188264444585,12.12572578705379,0.0,10.808596998238201,67.14181316690201,4.0,14.5,3.4523810148239136,19.11630900690089,
TE,2022,2023,00-0036422,Adam Trautman,31,1.0,1.8167617008854244,3.9966059584872577,0.0,1.399318148813185,3.0066755319610112,-0.0009751899625835631,11.221674019289317,32.85592888902095,0.0,0.0,1.0,5.53713768115942,-9.751899625835631e-05,2.521485550742117,12.292268420863106,-0.0005399761088109893,13.961812655513189,68.0639826600871,15.0,57.30000114440918,4.403225733387854,24.38126712699271,
TE,2022,2023,00-0036423,Albert Okwuegbunam,22,1.0,2.3264266190848817,5.040456497153018,0.0,1.6550164075209146,3.2834487349245873,-0.034390000000000004,11.232102340506726,42.65711991142098,0.0,0.0,1.0,5.53713768115942,-0.0034390000000000007,2.778226641571587,13.549160726066685,-0.01904221648550725,15.38342342384702,75.02356840438917,1.0,0.0,6.02727274461226,33.3738390288177,
TE,2022,2023,00-0036556,Brevin Jordan,17,1.0,2.0543752304120897,5.703382060469515,0.0,1.0000265613988875,3.3682183090555116,-0.0005492578925344198,11.842046952070177,42.60408638009746,0.0,0.0,1.0,4.815834767641997,-5.492578925344198e-05,2.184231256605905,13.628626947065257,-0.00026451352552690305,10.518896826133085,65.63321548689947,9.0,50.89999961853027,4.858823600937338,23.399291627233517,
TE,2022,2023,00-0036628,John Bates,19,1.0,2.126583962179743,3.8256559819099714,0.0,1.0000265613988875,3.076455211810048,-0.011408377775678224,11.939375729511982,34.914647210434964,0.0,0.0,1.0,5.53713768115942,-0.0011408377775678224,2.193964134350086,12.567919932853544,-0.006316975846260959,12.148281479422169,69.59030303399793,13.0,34.10000038146973,4.22105262154027,23.372549524887383,
TE,2022,2023,00-0036637,Noah Gray,23,1.0,2.0086024844518064,4.391493330708132,0.0,0.9987002773914295,3.8943224916251387,0.005566563352392959,12.523030628023475,40.486820253884375,0.0,0.0,1.0,5.53713768115942,0.0005566563352392958,2.251003340193777,13.943004517013577,0.003082282769309615,12.464115415402679,77.20433569973187,15.0,70.60000000149012,3.395652174949646,18.802193610024624,
TE,2022,2023,00-0036754,Brock Wright,18,1.0,2.0544384201748356,4.465522638565339,0.0,1.0127403257244727,2.886866728563653,-0.0030664544391342807,10.289436233447386,44.34525976915228,0.0,0.0,1.0,5.53713768115942,-0.0003066454439134281,2.0416839490692116,13.321392705478882,-0.0016979380422489,11.305085127409502,73.76238551502935,8.0,28.100000381469727,4.788888944519891,26.51673742558885,
TE,2022,2023,00-0036876,Kylen Granson,23,1.0,3.0197548730403625,5.759224016259621,0.9999734386011123,1.999996810314647,4.219091655988995,0.5319157234003474,17.268246695555405,52.28939994431933,0.0,0.0,1.0,8.153846153846153,1.053165010941147,3.7268214798701873,15.448031650420928,8.587345473827813,30.387928989710755,125.96087345727832,14.0,69.70000000298023,3.5999999823777573,29.353846010157095,
TE,2022,2023,00-0036894,Pat Freiermuth,29,1.9999734386011125,6.697348018838057,9.956866335231279,0.9999734386011123,3.827030519749778,7.208621671091492,11.770112753770496,40.27483586279958,80.43230778809607,0.0,0.0,1.0,5.53713768115942,2.176984713978162,7.854514106029736,21.251852449901097,12.054264091076544,43.49152602369545,117.6744329947875,10.0,70.70000076293945,9.951724167527825,55.10406688052318,96.1
TE,2022,2023,00-0036970,Kyle Pitts,26,1.9999734386011125,4.670344452071655,8.611278199963754,0.9999734386011123,2.9748692275058453,5.452391331643286,6.544570722300432,28.360081581508904,61.61541187713797,0.0,0.0,1.0,4.815834767641997,1.6544305108311557,5.810877385656736,17.613932519357085,7.967463974708388,27.984225344350342,84.82578862161984,16.0,132.59999999403954,9.592307824354906,46.194969522452716,74.6
TE,2022,2023,00-0037005,Tommy Tremble,26,1.0,2.5391637378976757,4.663401594239838,0.9999734386011123,1.9993904031241587,3.6847828369120816,1.0948488204839375,15.9758611627252,50.70216070613958,0.0,0.0,1.0,4.815834767641997,1.1094583206495061,3.596976519396679,14.75499890752604,5.342967953833594,17.322444580502424,71.05763673538358,12.0,57.30000114440918,3.634615439635057,17.50370740120291,
