position,train_through_season,target_season,player_id,player_name,games,completions_p10,completions_p50,completions_p90,attempts_p10,attempts_p50,attempts_p90,passing_yards_p10,passing_yards_p50,passing_yards_p90,passing_tds_p10,passing_tds_p50,passing_tds_p90,interceptions_p10,interceptions_p50,interceptions_p90,carries_p10,carries_p50,carries_p90,rushing_yards_p10,rushing_yards_p50,rushing_yards_p90,rushing_tds_p10,rushing_tds_p50,rushing_tds_p90,games_played_estimate,fantasy_points_p10,fantasy_points_p50,fantasy_points_p90,full_projection_p10,full_projection_p50,full_projection_p90,actual_games_played,actual_fantasy_points,naive_ppg,naive_full_projection,adp
QB,2020,2021,00-0019596,Tom Brady,221,16.024752758632328,25.113513864560396,32.981738604169166,26.794709926124966,37.9334028995975,47.9538353659694,176.89353790585088,300.72400224951855,355.0842785922983,0.0,1.9999734386011125,3.5076966830957135,0.0,0.9999734386011123,1.8207969578722167,0.0,1.79169150243952,3.6091205627864724,-1.2887452763506833,-0.09480821989129679,5.4570416294095585,0.0,0.0,0.7537334131372356,6.975056689342404,6.946866988598966,18.01942614519384,29.660668602094724,48.45479105879914,125.6865188721457,206.884844943409,16.0,355.6999912261963,18.485416769981384,128.9368298967409,
QB,2020,2021,00-0020531,Drew Brees,228,14.92345278943883,22.048171741341733,29.347588170633095,24.42159942213325,37.321354939916496,46.53866543021822,168.00495709406408,270.73348358590897,339.7138075865172,0.0,1.4782703386011127,3.0842778639494037,0.0,0.9999734386011123,1.898778968816487,0.0,0.6370632105060253,2.7988712172721195,-2.0940884577226724,0.37865796983971645,6.711367047250291,0.0,0.0,0.8552960161029842,6.975056689342404,6.510789437990296,14.780339617622557,27.931018622968264,45.413125422354085,103.09370672065077,194.82043828628204,0.0,0.0,19.529473067506363,136.21918175884258,
QB,2020,2021,00-0022924,Ben Roethlisberger,207,15.38857701120692,23.313313304310498,33.36726771128357,26.84211197198628,37.49291271457969,48.39266581092339,177.28355716272978,260.06176704418795,386.6658694453405,0.0,1.9999734386011125,3.2787426154493353,0.0,0.9999734386011123,1.756117432201122,0.0,0.9558387244833738,3.19897634313745,-1.2675686750373336,-0.3487153539789355,5.280171825799908,0.0,0.0,0.0,12.375,6.964585419005458,16.36754602357185,25.597387557788707,86.18674456019255,202.54838204170164,316.76767102763523,15.0,212.7399963736534,18.633939156929653,230.59499706700447,
QB,2020,2021,00-0023459,Aaron Rodgers,194,16.380692741309055,21.61755427576948,29.07596086902447,25.0387369158526,32.762255351307864,41.99842027346603,162.45771793002828,269.58852112151425,335.0752331534768,0.0,1.9999734386011125,3.8492269556281697,0.0,0.9999734386011123,1.8370111198670283,0.0,2.5063970864797724,4.587628205845019,-0.824065639463101,7.989084134602415,17.78986151524114,0.0,0.0,0.3979876028887342,6.975056689342404,6.415902153254821,17.58239613552304,29.292806677774216,44.751281232226376,122.63820977974802,204.31898716742288,15.0,319.0800023972988,20.41291633248329,142.3812486138744,
QB,2020,2021,00-0023682,Ryan Fitzpatrick,159,12.713472003303863,23.766611703396563,28.46663384587584,21.575404249684745,35.402638597705064,43.42708566105984,119.98046716319041,240.91426582499966,312.6962681677209,0.0,1.0,2.9890487964526953,0.0,0.9999734386011123,1.921869961023781,0.0,3.02598440860504,5.981680810207101,0.44895083345679065,16.086676280983742,31.665414284188717,0.0,0.0,0.21398609050594697,6.975056689342404,4.844113769873296,13.245291383896136,25.07076396192661,33.787968154490386,92.38665826953405,174.86999987956065,1.0,0.7199999839067459,17.37625014781952,121.20032982923547,
QB,2020,2021,00-0026143,Matt Ryan,205,15.92966144818328,22.818951498971884,29.70251228309758,25.972726016203882,35.05141343140967,46.598289305648585,173.1271028789414,276.09033414478444,361.2122101768312,0.0,1.9999734386011125,2.767044958057256,0.0,0.9999734386011123,1.659967034963292,0.0,1.4884221192190705,4.14036969020445,-1.2860374023241075,2.2757388797624047,11.203103425436014,-0.021745636974972584,0.0,0.0,6.975056689342404,6.66600655307541,17.271134130969845,23.31704451191929,46.49577359922894,120.46713965275113,162.63770729855722,16.0,218.0800018310547,19.473190864349935,135.8266102012254,
QB,2020,2021,00-0026158,Joe Flacco,176,7.5381751519991544,18.536416181880178,25.39831633234442,10.223267307773519,32.22520421571401,40.75225661834571,55.894958292245704,209.9710978372295,281.4837877167449,0.0,1.0,2.0390273991577694,0.0,0.9999734386011123,1.9128481850879293,0.0,1.996974434934975,4.2999786286050945,-0.8880307361565373,2.3602163686030404,19.300860063387482,0.0,0.0,0.0,6.975056689342404,2.1469952580741745,10.63491867314726,17.519850741463763,14.975413636816691,74.17916063174823,122.2019521105273,2.0,25.819999516010284,12.85181834210049,89.64216149728142,
QB,2020,2021,00-0026197,Chad Henne,69,0.6144946387292061,12.573198220419249,24.566400886162494,4.815478018467821,21.532153599206293,40.62609928029676,13.041326297536264,118.29079494705255,260.7466370768547,0.0,1.0,1.8964368159716989,0.0,0.9999734386011123,1.7751103374035893,0.0,1.876126195358447,4.359736403219965,-1.1606406408008896,1.0219135845342489,13.407846279316585,0.0,0.0,0.4714652542354258,6.975056689342404,0.40558898782136166,6.833876279133301,18.634968225498017,2.8290061826270034,47.66667445490711,129.9799597769431,4.0,3.2799999713897705,6.294999981299043,43.9079817289702,
QB,2020,2021,00-0026498,Matthew Stafford,166,13.380272592112686,22.032214381286494,27.543009017871295,23.188909617511996,35.57227666258397,44.150484812431905,148.33742501462552,267.00011945081684,337.8833696439741,0.0,1.9999734386011125,3.1953759651787137,0.0,0.9999734386011123,1.7826848092422585,0.0,2.1342784950592777,4.365977739747604,-1.1245537680667193,7.422242998742643,24.861922993895902,0.0,0.0,0.09036848403515818,6.975056689342404,5.821041623778349,17.42217595510916,25.759872231589842,40.60209531687574,121.52066493858455,179.67656912555637,16.0,312.2199983596802,16.28249970674515,113.57135849874848,
QB,2020,2021,00-0026544,Chase Daniel,28,1.3694365374777318,11.254537056709932,22.07382760209602,3.028584370803591,21.263725817208684,38.6293298330927,14.079982356690806,145.08779521264012,272.6279266370566,0.0,1.0,1.7535053394113285,0.0,0.9999734386011123,1.85655079991418,0.0,1.6568759308566743,3.8684002266604227,-1.3567522896882998,4.186921190185662,22.3640523550605,0.0,0.0,0.0,6.975056689342404,0.42752406529880227,8.222257050321945,16.44244205880527,2.9820045915172697,57.350709040340824,114.68696547139459,1.0,-0.20000000298023224,6.096363692121072,42.522482351393236,
QB,2020,2021,00-0026625,Brian Hoyer,67,3.4256958077211377,15.657498455940853,23.924305049405998,11.520332137535126,27.540259281150714,39.16489798803986,30.081364856157425,185.08343327312113,270.1347031009359,0.0,1.0,1.8922130236211583,0.0,0.9999734386011123,3.1684181348941136,0.0,1.5532768066881382,4.094559642765089,-0.5395287002404133,3.836415027923719,25.495548175931233,0.0,0.0,0.0,6.975056689342404,1.1493017242222558,9.787031956514992,14.586958766326966,8.016444679609204,68.26510271709778,101.74486432023072,5.0,12.279999911785126,2.656000014767051,18.525750669894443,
QB,2020,2021,00-0027688,Colt McCoy,40,3.496939643097613,16.51826374478228,23.081643907165915,7.587236612585187,27.227595535812675,38.817107908436796,19.809395842539686,184.23031808186556,272.57533168798557,0.0,1.0,1.9443413385717947,0.0,0.9999734386011123,1.8571415771354929,0.0,1.9911310003553844,3.747592711583539,-0.7267998880312645,3.3046488036398713,15.709697280891882,0.0,0.0,0.0,6.975056689342404,0.7196958448984611,9.699730726436384,16.537065195624805,5.019919317250944,67.65617168825015,115.34696721483425,7.0,43.29999852180481,6.207499861717224,43.29766343456277,
QB,2020,2021,00-0027939,Cam Newton,140,11.955973435166701,17.378743665937424,21.08846019815961,18.204611243534238,28.323521777012328,35.803101448677374,114.43622303770492,217.96431698725758,279.4948899281994,0.0,1.0,2.514325520240786,0.0,0.0,1.5493958444884104,0.9999734386011123,7.395174623907606,11.813699652667545,18.07935581768844,38.185469732718744,54.23927401469001,0.0,0.0,1.10522028921757,6.975056689342404,6.3853845032770415,16.53711965276218,30.19355512588872,44.53841889360585,115.34734705645457,210.60175865585876,7.0,86.35999870300293,17.70193502979894,123.47200034390372,
QB,2020,2021,00-0027948,Blaine Gabbert,60,1.2889054862772285,12.364708415270274,24.325421057255138,2.084912167060454,22.249332244851416,37.615718129594356,-1.3558656906009081,84.33317093142499,296.81394788263424,0.0,2.656139888758746e-05,1.7192849932113834,0.0,0.0,1.8009414332150169,0.0,1.831944912244011,4.502288142801875,-1.168691983281835,1.96586521084288,21.6928246618001,0.0,0.0,0.0,6.975056689342404,-0.17110382595221982,3.570019603936838,17.31709748790088,-1.1934588857801092,24.901089119523164,120.78773667297757,5.0,2.079999804496765,4.029999926686287,28.109477946682585,
QB,2020,2021,00-0027973,Andy Dalton,144,10.671115676320305,22.244358216685534,27.179119271516914,18.26990018326221,36.24407817031284,42.7777780770716,113.95727233823725,222.23510843302475,319.1114008735528,0.0,1.0,2.0376583373591304,0.0,0.9999734386011123,1.8361591543183646,0.0,2.1875411132898464,5.271442133443145,-0.3270472473858978,6.159673484818837,25.099210562289638,0.0,0.0,0.12589972397412338,6.975056689342404,4.5255861687909,11.505424808600647,20.508090475815607,31.56622007982043,80.250990274956,143.0450936589769,7.0,68.49999856948853,14.851428360598428,103.58955473288155,
QB,2020,2021,00-0028118,Tyrod Taylor,64,6.545985124224174,16.81059924417637,27.637689957593803,13.148736293895652,30.513705238156536,40.287452298337215,67.11395857587462,182.27013919992032,319.70598825028753,0.0,1.9999734386011125,2.4293794374962845,0.0,0.9999734386011123,1.8960523200425394,0.0,2.1161295664220217,5.704525185095744,1.0260166239009192,5.981013208114653,21.787556888291668,0.0,0.0,0.05546357175961325,6.975056689342404,2.787160005425077,13.888853766010504,21.22518975929841,19.440599040107795,96.87554236791,148.04690181315627,6.0,81.73999977111816,6.2733334004879,43.75685609954826,
QB,2020,2021,00-0028986,Case Keenum,67,1.106951184087913,13.469811960115031,25.003026759908444,3.763787739112424,23.897428593493544,37.27764433130878,7.467271526550188,180.52242573394005,275.16247817205027,0.0,0.1000265613988875,2.413041396783142,0.0,0.9999734386011123,1.8838827293145763,0.0,0.8970780739431392,3.517278553681723,-1.2561012567410854,0.11342601353786236,14.276462423170827,0.0,0.0,0.0,6.975056689342404,0.173080735387899,5.632398999104715,18.318545497702505,1.2072479411636674,39.2863023157508,127.77289331277304,4.0,16.139999568462372,12.230370082237103,85.30752465524111,
QB,2020,2021,00-0029263,Russell Wilson,144,15.382027216767504,20.29217932268117,28.05740644674107,24.65975074057548,32.418912804163355,42.10277407530244,145.38470872353506,215.75561924950284,319.7040415927253,0.0,1.9999734386011125,3.2522103179795345,0.0,0.9999734386011123,1.4114369265635138,0.9999734386011123,4.570213590517979,6.74285203837737,4.367817825614505,28.107189534279318,55.73978973525137,0.0,0.0,0.9302506046744158,6.975056689342404,6.252170131502853,17.44089060061027,34.12961168407175,43.60924109864575,121.65120065187573,238.05597628164332,13.0,216.80000114440918,20.789582689603172,145.00851780775366,
QB,2020,2021,00-0029567,Nick Foles,66,11.028128940706447,21.616166304017646,28.850976433145135,20.46158227967489,33.72251313044688,44.21161704074651,111.65189862489612,217.9157783557506,312.42810308990545,0.0,1.0,1.8658502973205064,0.0,0.9999734386011123,2.0400684566667233,0.0,1.2382169972298929,3.774019277015574,-1.2927806809007831,-0.27246089841103993,12.941275522408745,0.0,0.0,0.8487082611108087,6.975056689342404,4.3367978769057665,10.689438167186696,22.266765518450523,30.2494110416375,74.55943719334756,155.3119517794871,1.0,14.800000011920929,12.341110380159485,86.07994451104439,
QB,2020,2021,00-0029604,Kirk Cousins,109,15.192910017003864,22.139585940679595,28.193102883541233,24.037148704475765,32.48776126085485,43.42848229642038,162.41283385327344,258.5208939618927,353.5001473960588,0.0,1.9999734386011125,2.988200670319491,0.0,0.9999734386011123,1.7339513061000422,0.0,1.9805803234850645,4.6791234054358135,-0.4902085314339298,4.205843221196042,20.386672029883208,0.0,0.0,0.21410190504379312,6.975056689342404,6.447492500987545,16.76136695779754,25.94818459817131,44.971625698498165,116.91148472150849,180.99005855776633,15.0,282.43999671936035,17.975319639165352,125.37887349222818,
QB,2020,2021,00-0029701,Ryan Tannehill,116,14.328656996895184,20.517238903990762,27.923027997879316,20.710648785918924,32.14732648977527,44.06577846248744,150.31212153529478,230.82081011532836,316.75557552454,0.0,1.0000289718878377,2.9355174750771327,0.0,0.0,1.9938579006546813,0.0,2.8924618200617207,5.741978548751242,0.7827728344012502,13.82061748126249,36.6183726850864,0.0,0.0,1.1041111941545196,6.975056689342404,6.090762144851916,14.615010040290734,30.711081553416527,42.48341124164285,101.94052354633628,214.21153482609805,16.0,251.0799903869629,18.338461230962707,127.91180668127276,
QB,2020,2021,00-0030520,Mike Glennon,33,10.091821992597408,18.647497855980028,28.59909600519728,16.785523285406573,34.36673550895794,47.76360104240365,102.12461013902896,193.05105225759124,311.01664227671785,0.0,1.0,2.968957821773972,0.0,0.0,2.1084352373627673,0.0,1.0776535381148655,3.631803766147791,-1.0071212272760452,1.0263620139324061,11.835871468032689,0.0,0.0,0.0,6.975056689342404,3.9842722828335537,11.82467829169689,21.283213650242335,27.79052503853971,82.47780141782229,148.45162174182636,6.0,36.89999842643738,8.864444598555565,61.83000359446013,
QB,2020,2021,00-0030533,Matt Barkley,18,0.492401049471064,4.919952981633157,24.70166763977432,1.5026838944437069,7.683329395727634,38.35364293436691,1.0546300377300375,85.56821656996706,256.22471067348044,0.0,2.656139888758746e-05,1.5197611147647279,0.0,0.0,1.7619496354765465,0.0,1.8711497700796906,4.3006766780993475,-1.8519936306111735,0.5731428930615957,9.459317561977008,0.0,0.0,0.0,6.975056689342404,-0.14301416155191587,3.480149197700393,13.750065371242737,-0.997531884203386,24.274237941329726,95.907485446582,0.0,0.0,5.474285247070449,38.183449931947166,
QB,2020,2021,00-0030565,Geno Smith,40,0.2960679916794629,6.768751645052522,21.359324586740712,0.9293829367041213,5.873454922636277,37.90684917028872,1.332627002518379,37.898595580231294,249.40319284762523,0.0,2.656139888758746e-05,1.7312919112356642,0.0,0.0,1.9037138897994124,0.0,1.1740657341906333,3.719220093749908,-2.6402172324314126,-0.4767970597033705,9.211389258426099,0.0,0.0,0.0,6.975056689342404,-0.21071664314240612,1.468370362834465,14.015006505091451,-1.469760531306216,10.241966521720668,97.75546487451543,4.0,56.28000020980835,0.3279999792575836,2.2878184494247784,
QB,2020,2021,00-0031237,Teddy Bridgewater,58,15.237438367734239,21.175105794827445,29.100910591623354,26.060790444108026,32.866544398336856,42.69495034059373,153.2660963844158,235.01588423670557,329.59798301358063,0.0,1.0,2.992040555044405,0.0,0.9999734386011123,2.2911380206865397,0.9999734386011123,3.333760480478795,6.532860611859857,-0.6252210047554527,13.090210297885736,29.722926910914975,0.0,0.0,0.9631488917667715,5.648648648648648,6.068121754901086,12.70970952205457,29.32099154103989,34.27668775065749,71.7926835164704,165.62397924533343,14.0,202.67999458312988,12.246428080967494,69.1757694303299,
QB,2020,2021,00-0031280,Derek Carr,110,14.104612293081686,21.222865052358067,27.592953022599154,22.895416217816457,34.571649047097154,43.292185709831145,154.22324087488133,264.9155095325477,333.11228787465024,0.0,1.9999734386011125,2.9253578676564134,0.0,0.9999734386011123,2.040440098630998,0.0,2.2520077607907276,4.5311253518600445,-0.32842486874425497,5.34268697464971,23.226329566689557,0.0,0.0,0.7759038109560618,6.975056689342404,6.1360871481208275,17.130835955969104,27.92309861075499,42.79955570888813,119.48855192870967,194.76519575211418,16.0,251.62000179290771,15.940417071183521,111.18531272326648,
QB,2020,2021,00-0031345,Jimmy Garoppolo,46,8.116698704057054,19.29971792778138,26.05217611729327,15.153205661128702,31.03475222290141,41.641795591926865,88.37171983530614,214.21448352163694,296.56897019112665,0.0,1.0,2.018358448249551,0.0,0.9999734386011123,1.8776166978339939,0.0,2.0577677839144064,3.6952920650073855,-1.1998353140709082,2.956013624451561,16.321500573499645,0.0,0.0,0.0,5.648648648648648,3.414885262005155,10.864233826108409,17.813109262325245,19.289487020515605,61.3682397204502,100.61999556286422,14.0,218.75999450683594,14.54719958782196,82.17201929337268,
QB,2020,2021,00-0031503,Jameis Winston,75,0.08462429365537946,4.894496269951602,22.116517978261527,0.15901166847543913,6.916282310265697,35.036008371306416,1.1153409655459687,21.87443861693915,179.10833774907277,0.0,2.656139888758746e-05,1.9329715352638623,0.0,0.0,1.585465842572631,0.0,1.4467913757408444,4.072905974537463,-2.2642990331055803,-0.37518223050224625,9.500646317067465,0.0,0.0,0.0,5.648648648648648,-0.18181626468871928,0.8375655672228917,12.675352597579844,-1.027016197836279,4.731113609448226,71.59861332146451,7.0,119.39999961853027,17.05133279164632,96.31698793119138,
QB,2020,2021,00-0032268,Marcus Mariota,64,8.192128360618838,15.787024748443498,22.36439885811724,9.781078862336056,25.520330839617554,37.12258967555244,73.61651066193038,180.58691511969442,299.4731763273112,0.0,1.0,2.879029924958628,0.0,0.9999734386011123,1.844612242176962,0.0,4.46072944975278,11.773170389644307,8.913573883712202,22.057793690344084,81.75651184755456,0.0,0.0,0.6882891709357054,5.648648648648648,3.8360178148484354,11.42930909661996,32.11120847894272,21.668316846035754,64.56015138361003,181.38493438105482,6.0,12.400000095367432,13.076363585212015,73.86378349484625,
QB,2020,2021,00-0032950,Carson Wentz,68,9.859410239822488,20.677185871010014,25.29433194448682,22.469254633534586,35.80213420533348,43.01028373748125,109.4454619118062,217.82010561115456,295.3887039120328,0.0,1.0,3.0747866763077627,0.0,0.9999734386011123,1.9159747502683189,0.9999734386011123,3.5399683922997687,5.825081912993376,1.1276380553139032,17.901420188254807,33.09477850631816,0.0,0.0,0.15817723211822188,5.648648648648648,4.490582282003639,12.502999366069439,24.54128660451687,25.365721538885417,70.62505047320305,138.6251054147034,16.0,252.91999626159668,17.551794736813275,99.14392162145876,
QB,2020,2021,00-0033077,Dak Prescott,69,18.900476580671615,21.31063864881344,28.939410167593284,28.101932800629513,39.697652663832734,50.27240964075843,221.1341019275748,266.6831993353789,376.22757351822463,0.0,1.4782703386011127,4.1028852572734404,0.0,0.9999734386011123,1.882716932930973,0.0,2.770712549783728,5.162798162548044,1.058877439242605,9.766660906032508,31.92993945209779,0.0,0.0,0.14668771034322323,5.648648648648648,8.951251821027252,15.557128541220635,31.768330311229917,50.56247650255934,87.87675311121926,179.44813608235276,15.0,294.7600040435791,20.627567971074907,116.51788394472041,
QB,2020,2021,00-0033106,Jared Goff,69,15.589590278133793,23.117915121864016,30.430492579155672,26.148633317467567,33.92741414257643,46.23542913610832,160.3610693783679,251.04050660919404,350.23788428215624,0.0,1.0,2.909642182306986,0.0,0.9999734386011123,1.9733115962604406,0.9999734386011123,2.662369655760581,5.373223430701931,-0.7061287899764151,6.015226869215885,20.180272536126093,0.0,0.0,0.8859011054489241,8.692307692307692,6.343829896137074,12.643196074087125,29.034894794299465,55.142521404883794,109.89855049014193,252.3802393658338,13.0,180.979998588562,17.40042553176271,151.24985269916817,
QB,2020,2021,00-0033119,Jacoby Brissett,49,5.312279777517492e-05,0.2753776489901978,15.023404790585985,0.00010624559555034984,0.9719847103665289,23.78210991643323,0.0005843483913416309,3.1659733313049183,186.05709237057704,0.0,2.656139888758746e-05,1.0538627283517523,0.0,0.0,1.0113729303863868,0.0,1.7218532822080848,3.319665102643401,-1.7279882456319802,0.8366598188982624,21.736478718813903,0.0,0.0,0.02425491112138241,5.648648648648648,-0.17277545062754437,0.21041116073757332,11.954166086067003,-0.9759478157069398,1.1885387187608871,67.52488410778388,10.0,76.31999969482422,8.147999721765519,46.02518761754036,
QB,2020,2021,00-0033319,Nick Mullens,19,10.906743585359678,20.303590563198355,27.976711428225276,19.524692890676704,34.183814068524555,43.89941744565154,107.32521940869418,216.29585579431105,311.98052666201494,0.0,1.0,2.9433929108170886,0.0,0.9999734386011123,2.0570676831032384,0.0,0.9087447125851231,3.5315252319174415,-1.196173868448401,1.0325552408368455,13.064990768856333,0.0,0.0,0.0,8.692307692307692,4.173391389502927,10.755142878653901,21.44515642042811,36.27640207798698,93.4870111759916,186.40789811602895,1.0,9.87999963760376,12.81368424547346,111.38048613373084,
QB,2020,2021,00-0033537,Deshaun Watson,54,16.617951074082328,22.152136093409947,28.418665057089324,24.39771198619083,32.212545877878256,39.4461687869568,178.5872855688355,285.50802197273595,348.8848770276978,0.0,1.9999734386011125,3.1287919809989146,0.0,0.9999734386011123,1.8444534636473744,0.9999734386011123,5.4502355438836725,7.121594106897885,8.556737368175193,27.79819431665116,38.237004914800984,0.0,0.0,0.7548337888607949,4.627218934911243,7.99916515957094,20.20008718777678,31.134359302453692,37.013888489848966,93.47022592213871,144.06549689064371,0.0,0.0,21.880851524941466,101.24749048819069,
QB,2020,2021,00-0033869,Mitchell Trubisky,51,10.866666177524861,22.171491798732745,29.263329301476546,19.30452210779743,35.181074606434784,44.83254863024487,136.71561902526443,239.06186410863032,321.0128683645953,0.0,1.0,2.9233144174707846,0.0,0.9999734386011123,1.9838440434337627,0.9999734386011123,2.8634365159558,5.624132246827258,0.417867651107648,15.96782867891937,35.56182150748205,0.0,0.0,0.8576606674686409,5.648648648648648,5.510411526121342,13.159310555034924,29.268230473159477,31.126378620523255,74.33232178384591,165.32595051054946,4.0,7.820000052452087,15.936923072888302,90.02207897928797,
QB,2020,2021,00-0033873,Patrick Mahomes,46,16.83686930193738,25.57411010652934,28.184616884300844,26.77681230798523,39.18789316839219,44.30185821373807,190.27947556153222,288.3679716922433,372.028730185241,0.0,1.9999734386011125,2.8304469726267936,0.0,0.9999734386011123,1.897247218395412,0.9999734386011123,2.861372501402318,6.167670785396244,-0.06265297186384305,17.14435074440129,32.039963942818346,0.0,0.0,0.3380110982855017,4.627218934911243,7.604913725274905,19.24910081933209,27.640505645120836,35.18960078795843,89.06980379122896,127.89867109162422,16.0,341.4599952697754,24.01155477364858,111.10672090528514,
QB,2020,2021,00-0033936,C.J. Beathard,17,2.063096045606458,17.203365948809378,23.910657837458647,6.470593273214271,29.267747729173472,39.48985736572781,13.452626996808771,219.07653288760258,295.4569551377857,0.0,1.0,2.130129726206168,0.0,0.9999734386011123,1.902094742551895,0.0,2.1786059416594568,5.04429537005108,-0.6411575993484696,3.737900397028603,21.74632402411136,0.0,0.0,0.0,5.648648648648648,0.47398931993750393,11.13690447800474,18.709240027643446,2.6773991315388734,62.90846042981055,105.68192339939135,2.0,1.51999993622303,12.659999679435382,71.511890081135,
QB,2020,2021,00-0034577,Kyle Allen,19,5.352922056519237,16.538289060048157,26.252750516722408,10.104335220030498,29.65315982763627,40.134043054675914,68.39953200326852,217.97212897723338,296.5129879353493,0.0,1.0,2.4583381555920862,0.0,0.9999734386011123,1.907138672411717,0.9999734386011123,2.4129436818035357,4.464048567175211,-0.8985884546300714,6.78311812633442,21.090980966055582,0.0,0.0,0.02222613658406387,4.627218934911243,2.6461224346677334,11.397250094520553,20.122049711068822,12.244187833787974,52.73757144328445,93.10912943228296,2.0,9.899999737739563,13.948420806934958,64.54239686995939,
QB,2020,2021,00-0034796,Lamar Jackson,46,10.009704038170014,17.167095473631104,21.491709386644377,17.54838605496699,25.160709697925547,31.18478363250571,96.25818095823328,189.9685294991819,247.4414243009092,0.9999734386011123,1.8999734386011125,3.046362560909778,0.0,0.0,1.3938888593884269,0.9999734386011123,10.190432274207327,12.579389731580536,23.55437578391627,54.56719011280784,99.63046725906602,0.0,0.0,0.9145498046264962,4.627218934911243,10.205658571125408,20.65535394565251,34.74567505056421,47.22381658355071,95.57684488461695,160.77584550024386,12.0,241.9800033569336,20.08695665390595,92.94674617369499,
QB,2020,2021,00-0034855,Baker Mayfield,46,13.759466891095066,18.985145924508018,26.742839058354644,21.930831301758786,30.68126000561081,43.39473108874146,138.12998486317107,220.878654942346,310.32139932366846,0.0,1.9999734386011125,2.681248191411927,0.0,0.0,1.9923714377945778,0.9999734386011123,3.0958923043559397,5.807212419524645,0.20045352433555227,10.059873320651398,28.37258885181014,0.0,0.0,0.762466492206142,4.627218934911243,5.545244746960398,17.84102728416343,26.56516370142316,25.659061491852256,82.55433926754914,122.92282848824208,14.0,181.79999446868896,15.924782486065576,73.68745505386556,
QB,2020,2021,00-0034857,Josh Allen,44,14.112662125140192,22.141268326242717,27.88172034810399,25.109923172453385,34.305405482514935,42.156336066414525,161.46539517531102,234.24651444300622,334.4664340772834,0.0,1.9999734386011125,3.7050230516707865,0.0,0.9999734386011123,1.6099007438202444,0.9999734386011123,6.401575875895329,9.189603569442887,5.05330310072751,29.88614815329514,45.57651282952779,0.0,0.0,0.6526859613678703,4.627218934911243,6.963946117085192,18.35842227025199,33.45271513329399,32.22370333467823,84.94843914400624,154.79303688896985,16.0,378.7200012207031,20.43818175792694,94.57194162543709,
QB,2020,2021,00-0034869,Sam Darnold,38,10.72264657963408,17.26979976151766,24.88016497768114,18.937735632335002,29.32775392773884,39.09945843504909,112.65368520615169,208.52154612601007,286.65351689608445,0.0,1.0,2.282444562881172,0.0,0.0,1.8467863886819245,0.0,3.347157308532857,5.839039714606284,0.0006767213706948549,9.957142150897434,35.63258534725339,0.0,0.0,0.5209260571847236,4.627218934911243,4.506215080383137,13.336576060130145,23.591161027837902,20.851243744731438,61.711257272318186,109.16146700455171,11.0,146.6200008392334,13.086315970671803,60.553249047723966,
QB,2020,2021,00-0035228,Kyler Murray,32,15.200546055069537,19.78740047579343,28.700542358304386,23.63967698512139,33.34939063339104,44.34658296921204,153.09345168336426,259.02766131538493,315.90538487781913,0.0,1.4782703386011127,3.1842798115875404,0.0,0.9999734386011123,1.9056676783604451,0.9999734386011123,9.764321930251585,12.212510911220496,15.690886642003404,44.56461143360622,71.49829356067806,0.0,0.9999734386011123,1.3323545313920773,4.627218934911243,7.692826731534912,24.73054270478492,36.705955829162306,35.596393515149714,114.43363547421188,169.84649383671552,13.0,282.679988861084,20.959999561309814,96.98650684582411,
QB,2020,2021,00-0035232,Dwayne Haskins,16,9.576471157825166,21.051514913823276,26.74694353745441,18.34017465645159,30.976019618407687,45.156502941310094,80.61554130683571,210.24972220504804,292.74385235561715,0.0,1.0,2.177229282732111,0.0,0.9999734386011123,1.9984354922816339,0.0,2.785203161390544,4.29600683492079,-0.7664501951174734,6.5993677801247905,25.132997324850933,0.0,0.0,0.910249990471575,4.627218934911243,3.147976632761681,11.069978789012175,24.39659991590441,14.566377081772986,51.22321546158297,112.88840907832692,0.0,0.0,9.553749740123749,44.20729169690397,
QB,2020,2021,00-0035289,Gardner Minshew,23,14.558333978044466,22.055415687259377,30.48706390096623,24.75432882502881,35.28286983987052,45.16987096341758,154.22324087488133,243.61589481476983,339.20810535032246,0.0,1.9999734386011125,3.0832037691519396,0.0,0.9999734386011123,1.9068023143702515,0.9999734386011123,2.387171692867416,5.35186458629173,-0.18970071746419154,11.53787128287645,28.72271307918057,0.0,0.0,0.24039707199756746,4.627218934911243,6.149959563248834,16.898369798080665,26.402188401783615,28.45720934000348,78.19245669881113,122.16870609582715,2.0,19.21999990940094,17.517391609108966,81.05680614392433,
QB,2020,2021,00-0035704,Drew Lock,18,10.585265989973028,18.13382979796252,26.90142425670166,19.8994466385127,34.395128648914664,42.692312753877076,117.59462434185525,212.33967980902122,303.76104468792903,0.0,1.0,2.9954231802939724,0.0,0.9999734386011123,1.8989944834486154,0.9999734386011123,2.9331390036366947,5.516211628392425,0.6711896166136357,11.166561488086368,30.999845304871346,0.0,0.0,0.8931421174748745,4.627218934911243,4.770903935335574,11.610296463967261,28.792982777132202,22.07601702622733,53.72338363800235,133.23143509891943,5.0,31.90000007301569,14.184444851345486,65.63453179735012,
QB,2020,2021,00-0035710,Daniel Jones,27,11.403498422308129,17.971639816980197,24.730031120228595,21.860851159361225,29.168407276666944,39.64114860620185,119.50612710060604,220.81846004151438,297.9804216708601,0.0,1.0,2.736830291882158,0.0,0.9999734386011123,1.7895768658324562,0.9999734386011123,4.195316874707304,8.612650422389345,1.9650072955568185,18.603079414133788,47.394234609111926,0.0,0.0,0.924717754935192,4.627218934911243,4.976745813579924,12.693099465871729,29.57511429322047,23.02849246283728,58.733750191193444,136.8505288597539,11.0,167.51999628543854,15.666666657836348,72.49309660608299,
QB,2021,2022,00-0019596,Tom Brady,237,18.37673104876932,26.458140656762613,35.164531242472584,29.249157922589823,39.59556522379291,48.87326381059556,194.21458364964778,290.23077663642357,383.8586768759896,0.0,1.9999734386011125,3.4207634081852336,0.0,0.8332653949211937,2.0,0.0,0.8752666413412682,3.7800968420722874,-1.035064942806823,2.3003056569612816,10.982848695558337,0.0,0.0,0.29115558863476076,7.134575569358178,7.665076851705229,18.172624595715135,27.88261910914492,54.687070043429024,129.65396347170673,198.93065310582483,16.0,268.29999389499426,19.421874433755875,138.56683084621687,
QB,2021,2022,00-0023459,Aaron Rodgers,209,15.300035191336287,23.769654391661202,28.891881084438477,24.34150793824985,33.53567850555994,44.19183740832507,160.25600920892703,271.46966811004745,344.9170129483724,0.0,1.9999734386011125,3.623851171578646,0.0,0.03322916269705554,1.9444580159949838,0.9999734386011123,1.9596617389477293,4.790729518022062,-1.0556721663349982,6.605280361504644,15.075331258594796,0.0,0.0,0.16859053688260953,7.134575569358178,6.304673151723581,19.4527501895627,26.92224551941465,44.98116704107549,138.7871162592817,192.07879515507844,16.0,231.99999141693115,20.60793583781,147.02887556334008,
QB,2021,2022,00-0026143,Matt Ryan,221,13.770631681478514,22.02329462627198,27.84771294774471,23.377202736655292,32.902341429051404,43.736921520032745,136.4394862775635,237.19374580641326,318.3511466758143,0.0,1.0,3.0,0.0,0.2001688248132464,1.9990254972374357,0.0,1.9920884249779613,4.615318526475253,-0.8476016156414476,2.3754496385985395,27.798262865821478,0.0,0.0,0.0,7.134575569358178,5.372819289538396,13.324957146489892,23.515821159139847,38.332785241717005,95.06791372009144,167.77540313539527,12.0,165.27999877929688,17.98920681457671,128.34535545141065,
QB,2021,2022,00-0026158,Joe Flacco,178,3.3996107674376055,17.25624977374323,25.424555196332122,1.2519969383548835,31.41287879769504,41.07920725782079,34.602952411463434,210.6641369413814,312.3793610522397,0.0,1.0,1.894609338309182,-0.32149806364468503,0.0,2.348512800399947,0.0,1.1568166484013076,3.7571946727648218,-1.0541319489451209,1.753258886572501,12.748163778259194,0.0,0.0,0.12859576481808144,7.134575569358178,1.9217010288533953,12.601891366312506,17.422977161260828,13.71052121206791,89.90914626979895,124.305547200217,4.0,50.67999804019928,12.856665968894958,91.72685492507667,
QB,2021,2022,00-0026197,Chad Henne,73,-0.006409587505851965,6.82996909974948,23.17541621081385,0.632427898076546,11.726216450252869,32.73588634492715,0.26409766778266497,70.94847751740463,270.7442869226974,0.0,2.656139888758746e-05,2.0417280668595623,0.0,0.0,1.6561499150515222,0.0,2.127288953290814,3.9346958694216854,-1.7101289649398004,0.537153064366774,17.011120331949442,0.0,0.0,0.0,7.134575569358178,-0.16044898978267344,2.8917606527284128,17.38549594743805,-1.1447354426316618,20.631484905387392,124.03813464776712,1.0,-0.30000001192092896,3.5574999572709203,25.381252283137872,
QB,2021,2022,00-0026300,Josh Johnson,33,6.1459574117643,20.976751446574095,24.46014498625093,13.11736599219741,31.9244200584571,41.220276935392185,54.04696670201171,222.7383680589354,310.8913639406316,0.0,1.0,2.4765940895358756,0.0,0.6503752085598948,1.6924961823093017,0.9999734386011123,3.006847104533252,4.9265477217740985,-1.0663695140082121,5.061307337255748,23.714064462333113,-0.00015687209628609697,0.0,0.0,7.134575569358178,2.0543004841019306,12.114915038963202,21.328444997383475,14.656562045994313,86.43477686183685,152.1694026107318,1.0,0.699999988079071,11.239999890327454,80.19262861711886,
QB,2021,2022,00-0026498,Matthew Stafford,182,15.697986545718049,22.89306502629201,29.110139099209082,23.815208256725924,34.18194012444817,44.07700903186443,180.17969766910846,270.5634583754779,348.5117528301387,0.0,1.9999734386011125,3.0298061405972208,0.0,0.06788470199834061,1.9745308941943487,0.0,1.3045297433676062,3.671156236782665,-0.9033833193597801,0.9127161270118778,7.824138287607289,0.0,0.0,0.0,7.134575569358178,7.11684957482836,18.777934298128073,22.89304671596646,50.77570110736756,133.97259128643756,163.3321718079098,9.0,114.37999576330185,17.2057135956628,122.75546387298967,
QB,2021,2022,00-0026544,Chase Daniel,29,5.312279777517492e-05,0.21017491319376752,8.447677004447804,0.00010624559555034984,1.39982969388033,18.0827796592376,0.000557789376639337,0.18406345603987037,86.64361828125281,0.0,2.656139888758746e-05,0.5890726108732951,0.0,0.0,0.8496815809056176,0.0,1.3632153091522015,3.023365677445756,-2.899299093379105,0.00010624559555034984,7.245109703652019,0.0,0.0,0.0,7.134575569358178,-0.28990759776284497,0.0074794083967002,4.84718298329726,-2.068367664370111,0.053362404420349674,34.58259329284132,2.0,1.0799999237060547,5.571666618188223,39.751476534734195,
QB,2021,2022,00-0026625,Brian Hoyer,72,0.1877714987880151,5.156850869589322,18.15351861388002,0.23102736700081974,7.705502327126938,30.159850032681454,0.8199759977151165,27.147275486683746,194.0421901775608,0.0,2.656139888758746e-05,0.9833530932740142,0.0,0.0,1.109769791457618,0.0,1.793278387973086,3.24941904600156,-2.09062974950545,-0.26096529211409863,10.915146642648686,0.0,0.0,0.0,7.134575569358178,-0.17626393504194035,1.0599007358514902,10.567075061548122,-1.2575683647091644,7.561941895950798,75.3915955736953,1.0,1.4800000190734863,2.589333274712165,18.47379392268762,
QB,2021,2022,00-0027688,Colt McCoy,47,3.2101800072798037,10.895121980234098,24.214142256157054,6.390214739497285,24.12781549392744,43.37600404665696,11.739314040821897,117.37459795487652,302.88422263841125,0.0,1.0,1.931304909906828,0.0,0.11395981443029955,1.6288108476332495,0.39998960491223207,2.553973043869598,5.43071944729772,-0.6857548722497926,4.0745937162219,34.90466780309552,0.0,0.0,0.05982562105275903,7.134575569358178,0.40099707440789667,8.874523660956651,20.432387356523368,2.8609439304546833,63.31595970115242,145.77641165751456,4.0,32.79999899864197,6.19733320871989,44.215342106105055,
QB,2021,2022,00-0027948,Blaine Gabbert,65,5.312279777517492e-05,2.403865923133472,18.423816681243498,0.5159546681472877,4.154471563899923,27.08779897059871,-0.03070566597167637,45.92778257794667,187.73867939082703,0.0,2.656139888758746e-05,0.7530607460048482,0.0,0.0,1.0892524302172177,0.0,1.968643347677578,3.5862650000969647,-2.24871759402921,0.19697210613917948,13.525991096404512,0.0,0.0,0.0,7.134575569358178,-0.22609998604178805,1.8569147593273352,9.69588440885849,-1.613127436645966,13.248298676277427,69.17602002676264,0.0,0.0,2.9670587800004906,21.168705084641182,
QB,2021,2022,00-0027973,Andy Dalton,151,7.630248459289277,20.277273111184943,28.1423905135807,15.835258193935202,32.96291067584731,42.86825669397579,60.973589246286046,212.04882790805974,298.53554214515015,0.0,1.0,2.2009543884393494,0.0,0.7887064706979963,1.7624156518784075,0.9999734386011123,1.7939960971776816,4.490563845850812,-0.2801622915245092,5.7177472683962485,23.848807556572797,0.0,0.0,0.018084164130623824,10.5,2.4109273406989913,11.47631490176602,19.71379367624761,25.31473707733941,120.50130646854322,206.99483360059992,13.0,163.2000002861023,14.00714320512045,147.07500365376472,
QB,2021,2022,00-0028118,Tyrod Taylor,70,7.606731649219301,16.200226220613406,27.290238348439694,15.96848963075929,30.281082626445727,40.88292839063991,92.42063252846759,189.95252045469343,273.45553947980477,0.0,1.0,2.4413605051124905,0.0,0.8458285920545837,1.901559504393471,0.39998960491223207,3.2718298579519387,5.484387395847757,0.7424093744856614,18.409436628827077,34.07391297376604,0.0,0.0,1.1076888577092037,7.134575569358178,3.7710662385872697,11.747387296961278,26.95406903448704,26.904957056256173,83.81262241268854,192.30584242824503,2.0,11.319999933242798,9.213333412011464,65.73322347368841,
QB,2021,2022,00-0028986,Case Keenum,71,3.1400516653805544,12.061583069895503,23.26276738192579,1.79694574546863,20.7338474067918,36.549537266752225,10.190540159639566,165.3293303745101,270.933041387581,0.0,1.0,2.0277906760338937,0.0,0.0945094622382339,1.762203130187013,0.0,1.2854389739489902,3.7710295527098974,-1.1488332918100521,-0.05143524071395119,17.780328445682372,0.0,0.0,0.0,7.134575569358178,0.29273827720457746,10.419010766432542,17.202110943833027,2.0885633607597804,74.33521967106945,122.72976048126007,2.0,0.3199999928474426,11.17290358101168,79.71392492788043,
QB,2021,2022,00-0029263,Russell Wilson,157,13.392896494664884,19.614921079495797,25.843024658928844,21.544771074242714,31.194727932508986,40.54392791583481,139.77404310524125,222.18748853635643,310.0271170441671,0.0,1.9999734386011125,3.0398804371105475,0.0,0.057323012275583674,1.8495714323913188,0.0,2.523919665194394,6.18124027799867,0.08979274830493482,10.289622137056824,28.559518849587047,0.0,0.0,0.040752759318469216,7.134575569358178,5.599940999040143,17.801709485013223,23.961932006295758,39.95320224159904,127.0076415845871,170.95821468673952,14.0,206.63999900966883,19.91311428976841,142.07161872161893,
QB,2021,2022,00-0029567,Nick Foles,67,8.187827154360921,16.957366515573938,28.108025482253215,13.780656161090485,31.679586544807897,41.680670854020526,84.06878535140456,190.88720563667434,313.44691413336574,0.0,1.0,3.0,0.0,0.923651927953529,1.2997856241793935,0.39998960491223207,2.1830254196794248,5.263512511416271,0.1602525968682164,4.319522223220903,16.610214802138394,0.0,0.0,0.14396039558450438,7.134575569358178,3.3787766737430043,10.220136591882007,24.46308917069671,24.10613751080413,72.91633684394492,174.53375834828336,2.0,1.800000011920929,12.470526019209311,88.97191027369625,
QB,2021,2022,00-0029604,Kirk Cousins,124,15.124066100778851,23.088609605091822,28.431032819053723,24.96343330733429,34.41020700417851,44.51809455901366,160.0120593049789,246.5067864257851,341.71876826588306,0.0,1.9999734386011125,3.0146264086024512,0.0,0.9729240416206544,1.9223799469232317,0.0,1.9784402590589618,4.047037915337444,-1.670048502193168,3.754071219716753,16.193750231575308,0.0,0.0,0.09654755726493236,7.134575569358178,6.2334775219798395,16.289724250166223,24.081156837945787,44.47321644046072,116.2202686668174,171.80883325789065,16.0,278.5799894332886,18.181935614155183,129.72039363639496,
QB,2021,2022,00-0029701,Ryan Tannehill,132,12.512391071726976,18.937869074890735,25.385162062607687,20.705842830239803,31.207128802783537,43.31439038577277,131.41443800908365,211.8093511509206,306.2291386029803,0.0,1.0,3.0,0.0,0.015469176846677606,1.862632602252734,0.9999734386011123,3.3145701555468556,5.716166914149966,0.5201025932976475,12.13240081268327,30.16879344121996,0.0,0.0,0.9962243636805856,7.134575569358178,5.308587779693111,13.654675773611796,29.51812586581925,37.874520680791846,97.4203161819177,210.59929965551376,12.0,167.23999500274658,17.568727452104742,125.34541366449885,
QB,2021,2022,00-0030520,Mike Glennon,39,2.7157632468150896,18.444969700487228,24.93447960356841,6.837929313145362,25.9644422164129,39.61256493330058,26.184807516219745,181.62333633730702,291.3924595366883,0.0,1.0,2.461612251347676,0.0,0.9354866352231985,1.916405013428505,0.0,2.329237597400391,4.034912275681886,-1.1051339718394477,8.568060097391456,19.970040148832755,0.0,0.0,0.6254217077040919,7.134575569358178,0.9368789034648449,10.25076619278503,23.418871621109055,6.684233336107361,73.13486604624681,167.08370932990022,0.0,0.0,7.7786662201086685,55.49748197617903,
QB,2021,2022,00-0030565,Geno Smith,44,8.179734108673024,16.695690032933147,25.779488120704965,14.344129847158698,30.676247244259702,40.26646185126547,75.87105393006179,188.27138472428342,309.23421433940655,0.0,1.0,1.8905284716055708,0.0,0.7152952538388226,1.9806916046504661,0.9999734386011123,2.076771089296845,4.647095424904376,-0.3266567689169857,8.524542336924593,21.53654276335981,0.0,0.0,0.9298858250119042,7.134575569358178,3.0021764803107733,10.952719114986149,23.703068477105017,21.419254971326968,78.1430022158225,169.1113332755774,16.0,298.25999450683594,6.4355555855565605,45.9149576559584,
QB,2021,2022,00-0031237,Teddy Bridgewater,72,11.994642116104316,20.905122722807736,26.212446375126373,20.537272562653065,31.730513538084114,41.248351276671585,116.85484315211454,212.89487077913464,302.2531626864771,0.0,1.0,3.0,0.0,0.8501517311318091,1.9698718696411877,0.9999734386011123,2.446648025184446,4.524050089547798,-0.4263220265876929,6.157155023783013,22.108045036567518,0.0,0.0,0.9993127351489188,14.8,4.6315615234258125,11.431206871280068,28.357063682726974,68.54711054670203,169.181861694945,419.68454250435923,5.0,38.019999742507935,12.989999776794797,192.251996696563,
QB,2021,2022,00-0031280,Derek Carr,126,16.29983648448134,22.827079150537493,29.99493115468115,25.46730361147644,35.123061542397366,45.26424380199957,186.57530052680647,256.8121378868434,349.1350173880176,0.0,1.9015229097816388,3.0,0.0,0.8639258446233958,2.0,0.0,1.8395025161593725,4.350492294384633,-0.9793350878724882,3.174047964561243,20.291391343780077,0.0,0.0,0.0,7.134575569358178,7.36507851228501,16.468130261809627,23.994539829898713,52.54670922015351,117.49311983891506,171.19085766838708,15.0,219.07998943328857,15.886874377727509,113.34610580879709,
QB,2021,2022,00-0031345,Jimmy Garoppolo,60,13.727213184429639,20.246098470805304,27.56085284753762,22.83356462047815,35.720752930674465,41.52548713847088,143.47741898061165,245.89273312794296,343.198256420705,0.0,1.0,3.0,0.0,0.3025056626080507,2.012811437101031,0.0,1.9976735089586521,4.200360796001209,-1.0033094757566063,3.6446271165595263,15.623063729948317,0.0,0.0,0.6202643440460066,7.134575569358178,5.638765811648804,13.595160711557572,26.98619981989701,40.2302008011217,96.9957014741768,192.53508194485528,11.0,168.77999567985535,14.934358600622568,106.55031001603597,
QB,2021,2022,00-0031503,Jameis Winston,82,6.994424358397756,17.28005925610071,25.569084563970275,13.69241808290455,26.36501670445193,39.127310599725256,82.44260866780614,212.70970973138105,271.44747501083884,0.0,1.0,2.622281071270603,0.0,0.6825550549552162,1.8539246801490732,0.9999734386011123,3.375133056379905,6.226778974963898,0.22279622547717384,16.186479645758215,40.44509073827698,0.0,0.0,0.9961459837146929,5.620111731843576,3.319983969259963,12.76192624392063,27.660558901333673,18.65868085517052,71.72345140438075,155.45543159073563,3.0,41.91999971866608,17.05243243075706,95.83657556056762,
QB,2021,2022,00-0031800,Taylor Heinicke,22,12.017938169375192,19.121429773042095,26.00156252505747,20.78790587527041,33.92712802882687,43.60130959341875,126.30000282962374,215.49192805339595,302.1448040033548,0.0,1.0,3.0,0.0,0.33318932659166345,1.9773688081883964,0.9999734386011123,3.6122116620959956,6.053611126922882,0.4694475218661113,13.869774325512259,32.83561221780357,0.0,0.0,0.9195224789173833,5.620111731843576,5.098944865371561,13.340275901503738,28.931750639042054,28.656639857898274,74.97384110007128,162.59967118925312,9.0,125.96000099182129,11.644762186777024,65.444864580434,
QB,2021,2022,00-0032156,Trevor Siemian,32,9.80280290287255,19.322141837835996,26.34919802685423,17.372886649557966,30.172533618836205,42.75826399040242,92.94183774842656,213.02646083460206,297.74123822132225,0.0,1.9999734386011125,3.121006629553883,0.0,0.9472366712624335,2.1400739148214623,0.9999734386011123,1.6488596435502179,3.1333296554956256,-1.4307250664509836,1.6193251025621551,11.045581134162505,0.0,0.0,0.9279090019706294,7.134575569358178,3.5746010032919644,14.78841135551988,26.785540342665527,25.503260988290084,105.5090383667112,191.10346174083935,2.0,10.159999668598175,13.5899997651577,96.9588803120775,
QB,2021,2022,00-0032268,Marcus Mariota,70,5.312279777517492e-05,0.3058553830226407,4.573633590476753,0.00010624559555034984,0.7909531089283324,5.080476732862271,0.000557789376639337,1.3158163961119032,52.91344951294821,0.0,2.656139888758746e-05,0.06909866616617481,0.0,0.0,0.5808642383878115,0.9999734386011123,2.224283512842421,3.5966287708783558,-0.23030624430683597,4.565249077759818,30.194345021687607,0.0,0.0,0.2532434404910351,5.620111731843576,-0.023008312855618027,0.5092638092160083,5.770099313521976,-0.12930928900978625,2.8621195087782367,32.42860284582742,13.0,198.55999374389648,10.717142735208785,60.23153961798904,
QB,2021,2022,00-0032950,Carson Wentz,84,12.31164336102454,19.437882467196072,27.856997895648117,21.522241342691903,30.557322574839457,44.0340552577373,138.03611647562283,225.28289216143457,307.95421300158665,0.0,1.0,2.93458433876701,0.0,0.07956931082919448,1.8495714323913188,0.9999734386011123,2.9008489698417375,5.647513167076121,0.4934165745424804,11.466318481490081,26.2178447818115,0.0,0.0,0.9153432811686486,5.620111731843576,5.570786316479162,13.998808912948002,28.471207175541913,31.308441532838195,78.67487020349547,160.0113654670121,8.0,110.79999732971191,17.044363555041226,95.79122757749427,
QB,2021,2022,00-0033077,Dak Prescott,84,16.643204349181016,24.007946691212027,30.89786589070294,26.80425655909185,36.99242063350621,45.68156683441157,165.04166407735033,266.21020555401844,362.5758693273195,0.0,1.0,2.9326693197677924,0.0,0.7660047777905875,2.0,0.9999734386011123,2.7094180731509168,5.657901012882658,-0.9742935315677427,7.381716741619189,17.540159918262095,0.0,0.0,1.055254174018749,5.620111731843576,6.50423720993724,13.854570340741482,30.319253088102656,36.554539850261804,77.86423331165325,170.3975899811803,11.0,191.8799991607666,20.345768699279198,114.34549336019482,
QB,2021,2022,00-0033106,Jared Goff,82,13.280532721749475,22.74187586311764,28.208346815905003,22.98480777415402,33.59019777069008,44.299129482604215,124.04954058889814,227.71751261441042,304.6136745154524,0.0,1.0,3.0,0.0,0.8698528961360763,1.8312395957152174,0.0,1.8544052204985655,3.954922804165778,-1.3623775298271363,3.222515510407324,16.581466097392497,0.0,0.0,0.0,5.620111731843576,4.825743870573212,11.691246263344997,22.180214398926907,27.121219741880733,65.70611028449758,124.65528315821491,16.0,278.8599977493286,16.646665624777476,93.55612077388906,
QB,2021,2022,00-0033119,Jacoby Brissett,59,6.621331616237408,19.217799155023688,25.22567140381294,12.683513538639936,30.081866812924403,41.69744400422215,52.430245785194906,195.4403883611698,275.2835317248213,0.0,1.0,2.5424211747976755,0.0,0.8706117679433227,1.8798086099504425,0.0,2.437462166199945,5.711496636941964,-0.44970026995828233,6.249877360543592,29.310962580733538,0.0,0.0,0.05580860927351859,5.620111731843576,2.052239804411968,10.701379734614505,20.687356661997132,11.533817001332066,60.14294979342007,116.26525587692244,14.0,176.6200008392334,8.018999993801117,45.067675942815214,
QB,2021,2022,00-0033319,Nick Mullens,20,8.565336571880943,27.842399014979815,30.388797646329685,13.833268986914455,36.57298128177341,43.789049726523345,83.15560968408549,270.27652539187477,340.08376737415324,0.0,1.0,2.341755365620549,0.0,0.9280371831632678,2.1317741548978857,0.0,2.1829209885069525,4.23991761397913,-0.8706114946681635,1.7143235975543862,21.084913139607792,0.0,0.0,0.0,5.620111731843576,3.2391632378966033,13.126419009103895,20.81531516161333,18.204459314659122,73.77194147015932,116.98439694180453,3.0,8.319999694824219,12.667000070959329,71.18995570606192,
QB,2021,2022,00-0033869,Mitchell Trubisky,55,5.312279777517492e-05,0.9486501995928951,14.510826636084955,-0.12086503318013796,1.416036135456462,19.25904681812638,-0.7032569325614203,22.459716933223135,166.47365655528105,0.0,2.656139888758746e-05,0.9940215348708878,0.0,0.0,1.8039930175005072,0.9999734386011123,2.0929332038254693,5.6264627622140635,-0.5945010077412642,6.924752883854498,33.95473974557306,0.0,0.0,0.36026160326921075,5.620111731843576,-0.08758037807658324,1.5909702113099256,12.58408996086635,-0.4922115103075014,8.941430349596565,70.72399162363993,7.0,71.8799979686737,14.636278615441432,82.25752115717364,
QB,2021,2022,00-0033873,Patrick Mahomes,62,16.44348909820793,24.11416332246788,31.052911527491034,26.897744265138574,36.404762182074144,47.94970505632882,172.80384825284625,273.3305174374209,387.1388457725615,0.0,1.9999734386011125,3.0613781541625285,0.0,0.9195530669572801,2.0,0.9999734386011123,3.186927765412733,6.017454539863009,0.7170503064474015,17.780114366975216,33.0894347846674,0.0,0.0,1.0318942185703737,4.52772808586762,6.98385896075859,18.87201975468425,33.231375237441554,31.621014364364918,85.44737388033244,150.46263099456988,16.0,396.4199997186661,23.31114763900882,105.54653787894689,
QB,2021,2022,00-0033936,C.J. Beathard,19,5.312279777517492e-05,4.910443797081242,21.954234318789958,0.1504857920548678,9.650269903778774,37.11446990082057,0.000557789376639337,58.872608150654365,245.32405872942113,0.0,2.656139888758746e-05,1.548919860114794,0.0,0.0,1.6861165885315788,0.0,1.7758246688120365,3.8173602161276614,-2.1752396807102854,0.17889344432988102,18.089309298180194,0.0,0.0,1.0408735838824275,5.620111731843576,-0.21750165649596298,2.3728999160547133,20.690581045685448,-1.222383611368373,13.33596265670973,116.2833772735171,4.0,-1.0000000298023224,10.829230413987085,60.86148489648608,
QB,2021,2022,00-0034343,Josh Rosen,22,0.6672270610566156,1.4792255018791007,20.577252924127432,2.0843238632586676,3.8043045403189484,29.14064685360369,3.6810581396499695,20.374362044822004,181.10282177773615,0.0,2.656139888758746e-05,1.6134492909545315,0.0,0.0,1.5212844579496718,0.0,0.7572475328718776,3.768385507276177,-1.7307791372763008,-0.13073207052501706,12.848970316892796,0.0,0.0,0.0,4.52772808586762,-0.02583558814163131,0.8020075203359288,11.940238150717509,-0.11697651804377253,3.6312719749020315,54.06215162695172,0.0,0.0,6.166363949125463,27.91961924013693,
QB,2021,2022,00-0034577,Kyle Allen,21,2.0632937157985896,11.565231870421536,20.959857483942944,2.2791075120717346,19.96616204792687,34.96677082019309,13.867562676725903,116.8509461830245,255.3212704780345,0.0,1.0,1.551589543820528,0.0,0.8266043973247804,1.95480466053792,0.0,1.713466811659773,4.225196206766902,-0.758413802220222,2.696265812980903,24.478693254522533,0.0,0.0,0.0,4.52772808586762,0.47886112684701393,7.290455633969511,14.957468998779905,2.168152973255442,33.00920073269558,67.72335247927002,2.0,17.93999946117401,13.091428620474678,59.2744290490544,
QB,2021,2022,00-0034771,Mason Rudolph,16,1.9342544396755825,18.635997346624098,25.68139053511393,6.169740530769975,26.217946493181064,39.814573472363016,16.404680584059292,221.38676903688827,273.4355594826431,0.0,1.0,1.9228296293470073,0.0,0.3092138145339569,1.8983356191498624,0.0,1.874609598974428,5.678030858982905,-0.22995050346121884,10.704895680532976,33.969089240711554,0.0,0.0,0.7514690268663852,5.620111731843576,0.6331921730162497,13.307532700460914,22.73779274366349,3.5586107600801524,74.78982065175241,127.7889357548909,0.0,0.0,9.096249997615814,51.121941327382736,
QB,2021,2022,00-0034796,Lamar Jackson,58,10.846058737091148,16.64527942217365,24.627611630843916,18.28006218184336,30.33029845356145,37.70810701850365,107.69270354667321,224.710431297926,260.8288687805915,0.0,1.0,3.0,0.0,0.753339061569389,1.811082471544993,0.9999734386011123,10.389232575973649,14.909253201661866,18.100848465594023,52.93181666245697,108.91601379699021,0.0,0.0,0.7827694858614969,4.52772808586762,6.117792988426331,16.77492079502396,34.39920810300168,27.6997031372219,75.95228002183477,155.75026065956575,12.0,238.0800018310547,20.10310371579795,91.0213873071281,
QB,2021,2022,00-0034855,Baker Mayfield,60,11.988369394863252,17.597843079818055,24.912844469499873,21.82124128621747,29.32169131710422,40.49632099677737,126.3019545472251,214.3133377584021,301.1565063296553,0.0,1.0,3.0,0.0,0.15741377534531,2.5112064692920093,0.0,2.078284033445671,5.532275346691208,-0.24440503461468346,5.723475403906968,29.185713517536144,0.0,0.0,0.0,5.620111731843576,5.027637678427536,12.830053500036161,21.942418666355806,28.255885499989393,72.10633419573396,123.31884457180973,11.0,119.9399995803833,15.239000451564788,85.6448852194088,
QB,2021,2022,00-0034857,Josh Allen,60,12.749213006600215,21.25919830435165,29.544116967451938,23.58893372798635,35.53299502961497,46.2094637057831,142.33894030709627,231.9624580034752,330.3805291371231,0.0,1.0,3.1720319285708745,0.0,1.1475343173899253,2.4313050397716904,0.9999734386011123,6.994626102225317,12.648431561355693,11.037774895146917,29.48837822615264,80.39965574203279,0.0,0.9999734386011123,1.8889182565752773,4.52772808586762,6.797335101798542,19.932108139581096,40.41421391387999,30.7764850494671,90.24716583413193,182.9845714061364,15.0,379.76000213623047,21.299999793370567,96.44060729341842,
QB,2021,2022,00-0034869,Sam Darnold,49,11.360373477836081,17.80779678427911,24.1213852134317,19.44901062217686,31.768118648169395,42.208999630181545,129.41038980438717,180.26332033366992,296.6606396477561,0.0,1.0,3.0,0.0,0.8635274702306135,1.8600083058882664,0.9999734386011123,2.9920099221885432,5.778224250337083,1.4109361916034557,14.93451021451576,31.046426810535273,0.0,0.0,0.9089754318715287,4.52772808586762,5.317509211335833,10.976928894337146,28.704904246416408,24.07623580302503,49.7005492514621,129.96800115864028,5.0,89.40000009536743,13.140816316312675,59.49804310659638,
QB,2021,2022,00-0035228,Kyler Murray,45,15.191679196965785,20.44876584355133,29.733706799231804,24.116718257680787,34.48387006577526,41.29472303251872,177.94944748074693,245.70864507452305,331.220639324044,0.0,1.9999734386011125,2.766086309436181,0.0,0.0248320342656867,1.5777492050181132,0.9999734386011123,5.95364985000361,10.393692620310565,6.293437121935733,28.173205957270305,59.613924593733124,0.0,0.0,0.412382586879538,4.52772808586762,7.74732161142345,20.595896084581028,29.5933603813208,35.07776565029115,93.25261715576848,133.9906889537083,11.0,196.52000045776367,21.18666617870331,95.92746350321659,
QB,2021,2022,00-0035289,Gardner Minshew,25,1.610811249324082,16.8217004301455,24.838922469239886,3.658005453343279,30.61081129852065,41.403184983321545,25.05344547771297,202.93175782338417,270.355272982318,0.0,1.0,1.9527965225069912,0.0,0.14144592231894645,1.8570895245449568,0.9999734386011123,2.1752576633863296,4.616520993489698,-1.4340458054073937,4.21320720530145,24.138175435447717,0.0,0.0,0.037402034744869736,4.52772808586762,0.8587332385677795,12.25569918882762,17.549447712244763,3.8881106025313947,55.49047342919983,79.45912729819587,5.0,38.81999856233597,16.884800057411194,76.44978344419987,
QB,2021,2022,00-0035704,Drew Lock,23,2.5434454553297425,17.374136034612942,22.89084512704335,2.1284439361862555,26.68374520786379,39.11600039788813,13.146927454155458,186.11611146382825,273.91271736353036,0.0,1.0,1.754382653326172,0.0,0.8206186074103922,1.7910270839338573,0.0,2.059315483675709,4.158078932617878,-1.6611080222045116,2.498602984653432,19.39517921042336,-0.005519339155906007,0.0,0.0,4.52772808586762,0.3266502610103311,10.05326754219769,16.331503061020527,1.478983561032465,45.51846180554982,73.94460509381565,0.0,0.0,12.439999492272086,56.32493508933926,
QB,2021,2022,00-0035710,Daniel Jones,38,10.710680596313653,19.100816605052696,25.419407005843745,18.24011327054848,30.095339362733057,38.744848051667255,101.27238196084107,193.6349831645992,288.2552297037598,0.0,1.0,3.0,0.0,0.27097197738395234,1.7981355554952465,0.9999734386011123,4.5946377173213,8.821237998077445,3.673827175615989,18.84539309877908,39.004422244435574,0.0,0.0,0.02027207178392495,9.88888888888889,4.418277995995242,13.08799468169397,23.95601273230701,43.691860182619614,129.42572518564037,236.89834813059156,16.0,291.0,15.471579294455678,152.99672857850615,
QB,2021,2022,00-0036212,Tua Tagovailoa,22,11.275184153028961,20.93703617426049,28.48016350057553,19.623636077822844,33.4537542210187,43.09042238779694,129.01182599647038,222.5102006321384,312.5427667177899,0.0,1.0,3.0,0.0,0.7331420313092422,1.932434168640577,0.0,2.2985207154824527,5.759449673111785,-0.31788568114392407,5.160992251611371,24.621157297295053,0.0,0.0,0.6683210757384278,4.52772808586762,5.128684471744423,11.950223187828188,27.10888451559051,23.221288726270362,54.107361159916174,122.74165779778099,13.0,232.9199981689453,13.828181911598552,62.610247617631366,
QB,2021,2022,00-0036355,Justin Herbert,31,16.41771038119582,23.438140619662803,29.10330076320818,25.643307293195704,34.30959291537592,44.3088318222863,187.58277629378705,266.2092031964347,351.4336346827599,0.0,1.9999734386011125,3.1757554313529877,0.0,0.7389340516887312,2.0,0.9999734386011123,3.5034997902849367,6.008678680958863,1.160776144753754,12.18797437999097,31.839548631984176,0.0,0.0,1.057459761614182,4.52772808586762,7.6193886662268575,18.38919121688347,32.289080545605856,34.49852006121677,83.26125754907346,146.1961768531814,16.0,266.4399995803833,21.812257589832427,98.75997130566346,
QB,2021,2022,00-0036389,Jalen Hurts,29,11.534715546524005,16.632471470831565,21.753395705872908,18.833468146211022,26.676101846378113,34.41185318414932,129.8650330154655,196.07476380970147,283.9054533820729,0.0,1.8999734386011125,3.0,0.0,0.17235740480466422,1.7448880040748718,0.9999734386011123,7.536439642739299,9.78997621292194,10.097441197030061,40.57743714166317,60.25465157602719,0.0,0.0,1.001127486693508,4.52772808586762,6.204345440321627,19.155913211349496,31.89867220489694,28.09158910456894,86.73276625746972,144.42851404399667,14.0,369.57999420166016,14.551723747417846,65.8862483089706,
QB,2021,2022,00-0036442,Joe Burrow,26,15.8143231523734,23.439598390577547,30.126319236594696,24.95143024014128,36.08801328999166,44.445657874886926,182.55207256013279,269.42862394628855,360.32907332556573,0.0,1.9999734386011125,3.0767278486075487,0.0,0.03634978662277584,2.335388565118427,0.0,2.1764617839897915,4.765644318428786,-0.8750984516701708,6.111361807758447,20.13048756655267,0.0,0.0,0.018574663103412253,4.52772808586762,7.214573057238295,19.315475319786287,24.17379393249171,32.66562505880165,87.45522009727922,109.45236573011898,15.0,337.0999946594238,19.152307831324062,86.71644207706834,
QB,2021,2022,00-0036971,Trevor Lawrence,16,11.315338907618996,18.928503608667732,25.859798233729606,21.61354956359338,32.335192647904734,41.44315460040504,124.42771168201806,209.19857436100813,301.6593768212879,0.0,1.0,3.0,0.0,0.765409340164737,2.636387981677257,0.9999734386011123,3.825263248850497,5.740618986020873,2.417453274849944,15.213369937462797,43.20996246818525,0.0,0.0,0.8286609922443647,4.74247491638796,5.2188537947657165,12.35846128785713,28.086561309781715,24.75028321397253,58.60969266281408,133.19981249923234,16.0,295.4399929046631,11.651250123977661,55.25576145752616,
QB,2021,2022,00-0036972,Mac Jones,16,12.996336050069603,19.916092252909134,27.773947510196823,21.424962300596096,31.129239449957232,41.56945663838505,134.63486826588954,220.60813716478123,311.28001036204927,0.0,1.0,3.0,0.0,0.0398296010149358,1.9901877274877366,0.0,2.3364636872080586,5.901346304678014,-0.4270541649809643,5.078421622322628,23.87654672825895,0.0,0.0,0.0,4.74247491638796,5.342689314137485,13.252508446793641,22.858479632332394,25.337570058351016,62.8496888881384,108.40576628310146,13.0,153.85999584197998,13.38124942779541,63.46023976125047,
QB,2022,2023,00-0023459,Aaron Rodgers,225,13.251042790063932,20.74727767092025,27.011110804916772,21.831883570209357,31.267798588636943,43.68121462241785,133.45964837452794,231.15518359942428,319.1035218401293,0.0,1.0,3.0,0.0,0.9999734386011123,1.9489463657558677,0.0,1.8292293313118493,4.548629785075605,-1.0696439349051023,1.62955654089937,21.973716538032704,0.0,0.0,0.0,7.034136546184739,5.231421541490608,11.409216120864683,23.063619795896706,36.79853345349719,80.25398407909435,162.23265089362684,1.0,0.0,19.370885828627816,136.257455939123,103.6
QB,2022,2023,00-0026158,Joe Flacco,182,8.611488331989987,17.946075889102556,31.08582776957651,17.202430827811618,30.29364733576682,44.88847423086885,75.55833027259425,171.36238132673748,306.11582734624136,0.0,0.9,3.0,0.0,0.9999734386011123,2.1127508993450843,0.0,1.1158369576748548,3.379179600004224,-1.149966625276786,1.259981820537282,8.646346165599873,0.0,0.0,0.564684602121222,7.034136546184739,2.9073365483760916,8.580546557921002,24.271873524446807,20.450602266990863,60.35673612931179,170.73167260268508,5.0,100.83999939262867,12.830000106777463,90.24797263863746,
QB,2022,2023,00-0026300,Josh Johnson,34,0.025425702331795568,2.404841223607237,18.56839917849343,0.15781918926634897,2.279478114040038,28.434615948195077,-0.5125413833881389,12.45624400097907,189.57543949127728,0.0,2.656139888758746e-05,1.2643674958973319,0.0,0.0,1.6868095495879816,0.0,1.9946870576846818,5.516271738453195,-1.127875186363414,4.133433332891094,17.544207212790948,0.0,0.0,0.091311087819771,7.034136546184739,-0.13328917397186696,0.9116993389238226,11.569155712262177,-0.9375742498462851,6.413017639056528,81.37902100412532,0.0,0.0,10.06888879670037,70.82593866434016,
QB,2022,2023,00-0026498,Matthew Stafford,191,12.180509132496503,21.092966053942956,28.660897474417066,21.699363856793227,34.2482291975485,45.30212654274815,110.48487770882994,235.64541383209382,311.611105988766,0.0,1.0,3.0,0.0,0.9999734386011123,2.119067361170236,0.0,1.2169482002143426,3.7799393700651227,-1.8881400378513373,0.4226872647814562,10.046164218047652,0.0,0.0,0.20355464629302483,7.034136546184739,4.230581104568064,11.468138402559672,22.45225381677308,29.758485159240823,80.66845145414968,157.93221911677932,15.0,239.09999084472656,16.583076394062775,116.64762371165041,151.0
QB,2022,2023,00-0026625,Brian Hoyer,73,0.2222832909414271,8.680563966954457,23.43632061403736,0.9899159811068649,12.866343012221861,38.65673543587976,1.5715699733404993,85.50495145817901,287.638873885483,0.0,0.1000265613988875,2.209264626576628,0.0,0.0,2.005670822752523,0.0,0.9930980702738723,3.637249650147179,-1.803982342526001,-0.18594466296966577,13.374614708094544,0.0,0.0,0.0,7.034136546184739,-0.11753543531898016,3.801709837625744,17.668733287030243,-0.8267603010489709,26.741746106833297,124.28428253909024,2.0,4.939999759197235,2.5200000032782555,17.72602411944524,
QB,2022,2023,00-0027688,Colt McCoy,51,9.547736530979908,17.48966243108922,27.436632904730182,16.02935943482999,30.138193517062373,41.222991069553814,86.04977014387207,171.72443394834545,284.539314495683,0.0,1.0,1.9528043203837653,0.0,0.0,2.00649759839018,0.0,2.2369605782880746,5.68336363471156,-0.8274333172863876,7.347066882822795,26.640960500368973,0.0,0.0,0.13955864493653802,9.75,3.3592474740262444,11.603684046216099,18.68124258423815,32.75266287175588,113.13591945060696,182.14211519632195,0.0,0.0,6.618946956960778,64.53473283036759,
QB,2022,2023,00-0027973,Andy Dalton,164,10.386558644898608,19.094661505270523,26.812840292247802,19.177000823939984,31.46522999609263,43.32393849310764,108.47856816032521,218.40430849122077,299.61068629312626,0.0,1.0,2.1147199730111446,0.0,0.0,1.9698457958589957,0.0,1.9493708428005179,3.985264756330147,-0.9588180434485039,2.38408355563839,16.840673547002993,0.0,0.0,0.0,7.034136546184739,4.243260922068158,12.974580695212671,18.187683106751937,29.847676726917186,91.26497223961846,127.9346464316306,2.0,23.639999628067017,13.663635626706208,96.11187871556596,
QB,2022,2023,00-0028118,Tyrod Taylor,72,0.48100188583417874,7.603066524639638,19.16053225801677,1.193912899717291,15.877242491835014,31.375996111365932,4.484298336582132,121.60157256654118,246.3507041400697,0.0,2.656139888758746e-05,2.3377970591967614,0.0,0.0,1.640675928900858,0.7999791502214026,3.3516911321869522,7.0736540343686345,0.048099828860502306,7.046773991428436,41.21633781790163,0.0,0.0,0.817570463519,7.034136546184739,0.1841819163493355,5.5688465474000415,24.950921107492277,1.2955607489392014,39.17202701916134,175.50818602318364,9.0,69.6599988937378,8.795293958748088,61.86729866966778,
QB,2022,2023,00-0028986,Case Keenum,73,0.08786206121556502,1.9196936315871773,17.819277832410855,0.06423417134496286,4.106022117132277,24.36374251308107,-1.1200588719799442,20.011490466409242,138.5372377835894,0.0,2.656139888758746e-05,1.509416728608935,0.0,0.0,1.0666059128767837,0.0,1.3858256277225496,3.8083678737183058,-2.4175432347629595,-0.07474632947951518,18.396553890191015,0.0,0.0,0.0,7.034136546184739,-0.28655667835549375,0.7930912313039686,11.28559998904485,-2.015678803773684,5.5787120145739,79.38445132856248,2.0,9.739999391138554,10.505454326217825,73.89680021032338,
QB,2022,2023,00-0029263,Russell Wilson,171,13.0345836399435,19.426713729798927,26.92631703140456,21.146869285411473,30.75259681449219,40.63674040638122,127.21206011126189,223.35045608030296,308.0393802149889,0.0,1.0,3.0,0.0,0.9999734386011123,2.0025541415970767,0.9999734386011123,3.6701903793644255,6.297646429879304,0.8912827034706856,11.662884552530574,33.02953742284975,0.0,0.0,1.0610981637005468,9.75,5.1776106747975446,12.100359821262952,29.98600964989366,50.48170407927606,117.97850825731378,292.3635940864632,15.0,262.89999771118164,18.93653308391571,184.63119756817815,129.9
QB,2022,2023,00-0029604,Kirk Cousins,140,15.314782540276058,23.116188210080445,32.421701403052786,25.105500154304,36.86815478211546,45.84387889000935,159.034234232465,262.7328504395295,349.23406223141245,0.0,1.9999734386011125,3.0,0.0,0.9999734386011123,1.9486332545210299,0.0,1.7635451994416853,4.37004683710946,-1.3009097612262273,2.872241785023202,19.378090808464115,0.0,0.0,0.0801840292442913,7.034136546184739,6.231278393175978,16.796485073285726,24.491009236526597,43.831663074890464,118.14876950144559,172.27310312359975,8.0,157.73999786376953,18.023845857534653,126.78219284928493,99.4
QB,2022,2023,00-0029701,Ryan Tannehill,144,11.357113542302068,18.35514241561144,25.753820949295058,21.305137370586127,30.116391269729956,39.31761481085988,120.13245676584911,213.64983892446463,291.09256612955676,0.0,1.0,2.044439242043051,0.0,0.0,1.7388631671612758,0.7999791502214026,2.3941519128891824,5.072462491742444,-0.21941677857547354,6.977822640331817,23.153719307586762,0.0,0.0,0.0858063582508464,9.75,4.783356592776418,13.243775821011766,19.17394335929568,46.63772677957007,129.1268142548647,186.94594775313288,8.0,67.61999845504761,16.918208529700095,164.95253316457593,
QB,2022,2023,00-0030565,Geno Smith,60,14.99232304835418,21.58888334051965,28.831256549168703,23.914802236396227,34.003510501952924,42.105827915364635,161.52940564553646,242.45286351250897,334.50065359824674,0.0,1.9999734386011125,2.9906561,0.0,0.9999734386011123,1.6778358589368874,0.9999734386011123,3.273904169982511,5.603411333327729,1.8880466176321802,14.62017436251893,34.546976732127284,0.0,0.0,0.6469977114476086,7.034136546184739,6.649980887584676,17.160078853954477,29.323662767954474,46.7768735927894,120.70633780201312,206.2666479440653,14.0,210.89999370276928,14.247199637889864,100.21674765367108,109.9
QB,2022,2023,00-0031237,Teddy Bridgewater,77,0.38714265020653466,11.820671880039859,24.450290575297316,1.0523248673319843,21.30762418524813,38.93192379783058,9.49602638642105,112.88247855729448,275.98909628667866,0.0,1.0,2.2352281669366363,0.0,0.0,2.0357520658466455,0.0,1.5415852632672526,4.81446311822812,-0.6940838561345306,7.040555755822687,25.565768872957563,0.0,0.0,0.17757608034413333,7.034136546184739,0.31043266984338896,9.219354717874047,19.531005756880955,2.1836257880750836,64.85019995323853,137.38376137822087,1.0,-0.20000000298023224,12.417020963861587,87.34302095664084,
QB,2022,2023,00-0031280,Derek Carr,141,13.194387661485704,20.27720614665908,27.29466541530125,21.27147455211461,32.75187497570916,43.76481970137813,133.65123541866868,240.99510966825494,345.1446051392434,0.0,1.0,3.0,0.0,0.9999734386011123,2.2955422273681747,0.0,1.9095709513987646,4.679733515908588,-1.3649063393938865,3.5358151855767055,18.309434613553798,0.0,0.0,0.09732740046050153,7.034136546184739,5.209558782807359,11.993439028085643,23.629607614951773,36.64474782364293,84.3634877818956,166.2138864963375,16.0,215.95999765396118,15.64354427026797,110.0388264633508,145.3
QB,2022,2023,00-0031345,Jimmy Garoppolo,71,10.465218043330601,20.013512629066106,26.941127693168472,17.996408313338854,31.326316948359164,44.41384994197524,117.58807425430665,213.49146555128897,305.8927946273881,0.0,1.0,3.0,0.0,0.0,2.2338036906268215,0.0,2.2395435091256455,4.0822043398571415,-0.9573944185965723,2.6685106437157122,17.182407995271003,0.0,0.0,0.17955544463152875,9.75,4.607783528312608,12.806509686423132,22.563677871158156,44.92588940104793,124.86346944262553,219.995859243792,6.0,62.100000858306885,15.024399861097336,146.48789864569903,
QB,2022,2023,00-0031503,Jameis Winston,85,9.968658943775823,19.000657950538503,25.733369368986043,14.253886824633977,32.921064834530895,42.86469174947322,110.78321522806964,221.0924148924998,318.5199407054443,0.0,1.0,2.807282863784905,0.0,0.9999734386011123,1.9574556185180065,0.0,1.4478853470192925,3.946196357705608,-0.7753330953525075,1.2403015006588114,12.974911168708497,0.0,0.0,0.1844122815536806,5.50261780104712,4.353795299587535,10.967779868563648,22.45898265251431,23.95727151762565,60.351500742724575,123.58319773713372,6.0,11.959999442100525,16.821500492095947,92.56228804813004,
QB,2022,2023,00-0031800,Taylor Heinicke,31,11.300584913225155,18.834971991039886,24.784705865199864,19.493668368115756,29.381977452997752,40.83404071764616,117.03866386692728,214.26931187650695,292.5330392890076,0.0,1.0,2.0017262686762374,0.0,0.0,2.041564868735695,0.7999791502214026,2.2300321903481133,5.53402319329578,-0.17953615146041635,6.7487023413145275,23.34209249939363,0.0,0.0,0.19582809034241483,7.034136546184739,4.663592939531049,13.245642709191731,19.134274700787717,32.804349532484466,93.171659458431,134.59310095754896,5.0,65.99999904632568,12.35000007947286,86.87158690440448,
QB,2022,2023,00-0032156,Trevor Siemian,34,0.6760692701281759,12.94571687448571,22.504467110122956,0.35539622903992396,17.730867889920944,36.936413962210665,7.391951436706143,144.11372562894798,285.49677727691886,0.0,1.0,1.9362630598822725,0.0,0.0,1.8455712318861435,0.0,2.2060977184554362,3.570790730531009,-1.2078560629948543,1.6938177787734388,20.18626175814589,0.0,0.0,0.0,7.034136546184739,0.1748924511687603,9.933930803035263,17.492407042648146,1.2302173824180067,69.87662570890066,123.04397965943065,4.0,30.05999994277954,11.462499916553497,80.62878957366848,
QB,2022,2023,00-0032268,Marcus Mariota,83,10.543663913823881,16.09312004981101,22.032546022093594,17.568003609920947,28.661678649428723,35.550575900785795,113.10374432561449,178.19409333192556,258.09021312590124,0.0,1.0,2.396852608664571,0.0,0.0,1.7792587375646332,0.9999734386011123,6.2444717835326005,8.70234605288217,11.178868033543479,32.36646461846013,53.146764830594236,0.0,0.0,0.5104356855094052,5.50261780104712,5.642036576378928,14.364410195123034,24.72979208068092,31.045970899341636,79.04185924122675,136.07859411934894,1.0,1.2400000095367432,12.161950815014723,66.92256705015954,
QB,2022,2023,00-0032436,Jeff Driskel,20,0.5607448483057834,4.737719007528941,16.277708586146527,1.5449971342651192,10.997698096426326,20.62556698412923,3.5285749231272647,28.91837304196496,167.11554007625688,0.0,2.656139888758746e-05,1.2459811166578967,0.0,0.0,1.2883811719408675,0.0,2.682107679648787,5.472309900817093,-0.08913440839547294,9.834056381133081,46.96371019837292,0.0,0.0,0.43728267203206983,7.034136546184739,0.1322295560855433,2.1402468053874566,16.41185077782984,0.9301207529471048,15.054788271631047,115.44319934686332,0.0,0.0,9.214999926090242,64.81956775320104,
QB,2022,2023,00-0032950,Carson Wentz,92,10.729281620691388,19.187866272752803,25.304839438495833,19.82980100049419,35.80179397128073,43.31788345139389,102.64841632532634,184.6935422111568,303.49448328618286,0.0,1.0,3.0,0.0,0.9999734386011123,2.6358451416192814,0.7999791502214026,2.602391985215246,4.919791605384234,-0.26836517328930726,8.180008170287774,23.20530163626787,0.0,0.0,0.35204869358523494,7.034136546184739,4.079100135684122,10.205795628272824,23.30091137334695,28.692947339962814,71.78896001172632,163.90179225067143,0.0,0.0,16.63872928468008,117.03909374344241,
QB,2022,2023,00-0033077,Dak Prescott,95,13.962510424498898,21.39991333096084,29.810711527131314,24.078511681109642,34.77632929644371,43.21619017755036,154.76733746326724,242.26242526450363,341.549788885304,0.0,1.9999734386011125,3.0125516448023957,0.0,0.9999734386011123,1.9728090827574196,0.9999734386011123,2.8656310069535653,6.009506461257457,0.06277782167476241,14.478678299709363,28.526490595926166,0.0,0.0,0.2278983402515834,7.034136546184739,6.1969712806981665,17.138311717753307,25.986619070209024,43.59034216121622,120.5532247937547,182.79342691353858,16.0,317.6799964904785,19.83904711216215,139.55056633314058,82.2
QB,2022,2023,00-0033106,Jared Goff,98,14.892749376035185,21.83618645617074,27.91519387701068,24.421335257272556,33.79181922368032,43.71000335424882,157.44936787891837,246.45534096760025,333.293338246249,0.0,1.9999734386011125,3.56953279,0.0,0.9999734386011123,2.1357454315500997,0.0,1.4554429626071204,3.6976912557826878,-1.4069319953243393,1.270998448025002,13.467695287957302,0.0,0.0,0.08987211183944671,5.50261780104712,6.157281515624301,15.985260360708736,25.224376026582167,33.88116687393267,87.9607782152088,138.80010054417727,16.0,272.29999709129333,16.79157868811959,92.39763979693029,122.6
QB,2022,2023,00-0033119,Jacoby Brissett,73,9.29085557061435,18.76524582288083,25.561278221493716,17.32398892031356,30.392444251297633,40.23373154493272,101.56223858936086,185.73878979134196,304.7467503479167,0.0,1.0,1.9936834874470881,0.0,0.0,2.0675425207716764,0.9999734386011123,3.4094439638282403,6.206050012843454,0.7608568634847778,14.229765153662107,34.61770951248524,0.0,0.0,0.3103014205312342,7.034136546184739,4.138575229922912,12.852528107019888,21.3530983965976,29.11130327393567,90.40643766845515,150.20060980578592,2.0,22.860000014305115,9.210740508856595,64.7896064307724,
QB,2022,2023,00-0033319,Nick Mullens,23,0.8130102012851709,6.822412646036316,25.442817575460634,0.9466756901302933,12.471753658141182,39.70145450328059,7.300472116044674,78.31260871581638,269.66067546250804,0.0,2.656139888758746e-05,2.023801210704153,0.0,0.0,1.9167471575540642,0.0,1.4938184393307539,4.166483836944725,-1.0027680342808374,0.1962001435493338,14.757083329883564,0.0,0.0,0.0,5.50261780104712,0.19174208121370323,3.152230608583139,16.52384587919716,1.055083389296346,17.345520259795176,90.9244084766294,4.0,46.099997758865356,11.376521477556746,62.60064959639864,
QB,2022,2023,00-0033357,Taysom Hill,39,5.026571139565036e-05,1.0547644838642147,11.881455245924041,0.2503426146537439,2.6053553576597417,13.224156075128166,0.000557789376639337,9.897367476428805,121.44419749536877,0.0,2.656139888758746e-05,1.0878695576386677,0.0,0.0,0.977858537762036,0.9999734386011123,8.68264647084679,14.079374263921325,4.183550727048129,32.22260701665172,67.87941323195699,0.0,0.0,0.8894798609274558,7.034136546184739,0.4183773842798784,3.618261646317875,19.378349543605786,2.9429236488602695,25.451346480023126,136.30995672941984,0.0,0.0,6.392307649056116,44.96436484868188,
QB,2022,2023,00-0033537,Deshaun Watson,59,10.26077976033919,15.72713260596372,24.026038473161456,14.219873583639133,27.774572789097807,37.39050304072249,86.94027103894312,182.2850809858416,297.4001902237931,0.0,1.0,1.913975961808561,0.0,0.0,1.6559475717606618,0.9999734386011123,4.389205949596718,7.4425145392553755,3.8680622283390975,17.058253073591935,41.67329075705689,0.0,0.0,0.8144667320961451,5.50261780104712,3.8644170643916347,12.997228546792856,25.294145780947208,21.264410129191663,71.51878116586016,139.184016836521,6.0,84.79999828338623,21.08423082645123,116.01846386701696,76.2
QB,2022,2023,00-0033869,Mitchell Trubisky,62,8.754671080390846,18.067565261918737,25.984312980747465,14.78327354493497,30.021777556329326,41.9791591800826,84.22327805723118,217.43134895656695,286.638278843819,0.0,1.0,2.003080325991337,0.0,0.0,1.8756163545077826,0.7999791502214026,2.3348960581492055,5.219685048897902,-0.5023438089457524,4.771380017222928,24.707179004692975,0.0,0.0,0.19931542414304404,5.50261780104712,3.3186967413946724,13.174391959984971,19.393230194030107,18.261519765475395,72.49364371698536,106.71353368547456,5.0,48.67999887466431,14.024799666404723,77.17311230047834,
QB,2022,2023,00-0033873,Patrick Mahomes,78,17.186539868739338,23.540509194629703,29.791697153584167,27.471122927092463,36.06930626128661,45.52183924082935,195.50685354642383,280.5463984039986,365.3142850374264,0.0,1.9999734386011125,3.0072354661312337,0.0,0.9999734386011123,1.7448312583850507,0.9999734386011123,3.3366548487141596,5.348399195294493,0.5561167091881157,12.310787928954475,30.985297088630738,0.0,0.0,1.1307280290475448,5.50261780104712,7.875885812775765,18.45288160625762,33.03474863240023,43.33798947239439,101.53915480720815,181.7775958777625,16.0,286.2199935913086,23.594805090458365,129.8331945029934,19.6
QB,2022,2023,00-0033936,C.J. Beathard,23,0.008985628059806374,3.4781565719359713,19.353439327366083,0.6474501329216173,11.535819871538186,27.778615577291596,-0.20481669728747215,49.375988289494416,184.25836855957755,0.0,2.656139888758746e-05,1.0206637407580679,0.0,0.0,1.332272237049515,0.0,1.293244926458034,3.3823447003435936,-1.8677416622718366,0.28222142319404353,11.50899730198765,0.0,0.0,0.1,5.50261780104712,-0.19496683411868257,2.0033679194947314,10.539344961515107,-1.0728279720352638,11.023767975858442,57.993987196609304,6.0,21.460000038146973,8.22235272211187,45.24446445518102,
QB,2022,2023,00-0034577,Kyle Allen,23,7.828419146351718,17.711717478736993,25.380277315982976,8.475400322941198,29.27142599847359,40.38210319344572,76.75810692171692,188.91029476602205,303.39387095397143,0.0,1.0,2.389039591834265,0.0,0.9999734386011123,1.970112738151201,0.0,2.028167397416213,4.571832636046462,-1.5779461570050457,0.2243642756512565,23.888109499100135,0.0,0.0,0.0,5.50261780104712,2.912529661168172,9.578901341003784,20.14049867910353,16.02653755962172,52.709033033481546,110.82546655360109,6.0,-1.3000000715255737,12.733042672924372,70.06506727352625,
QB,2022,2023,00-0034796,Lamar Jackson,70,10.3236825125805,16.514286248091782,23.000436232108243,17.226950998928867,27.674417110711026,33.1763026604145,102.33298860044631,182.43600520309198,260.27164366855675,0.0,1.0,2.0155712634164544,0.0,0.0,1.37737159450233,0.9999734386011123,10.213845376619474,13.45087271833145,17.973592664782203,62.63538448264945,100.29424231575751,0.0,0.0,0.04458520145919141,8.590909090909092,5.890678810496072,17.560978656388624,26.01534305173433,50.606286144716265,150.86477118442954,223.49544712626314,16.0,341.2199935913086,20.058000196729388,172.31645623553885,36.9
QB,2022,2023,00-0034855,Baker Mayfield,71,9.519614751101587,18.648922189395247,25.644566695488546,17.445873592824725,30.230876708856687,39.33636204029447,87.60703118650665,194.6263182249018,293.0947343769506,0.0,1.0,2.3473875510619586,0.0,0.0,1.9096209919211682,0.0,1.996726470362412,4.310499596948167,-0.9797558638138298,4.330840057999975,23.561653944726707,0.0,0.0,0.6896613687464859,5.50261780104712,3.406305661078883,12.21813673479607,23.788231202435114,18.743598166460238,67.23173669251659,130.897544469944,16.0,269.8799991607666,14.567323146571576,80.15841165993051,
QB,2022,2023,00-0034857,Josh Allen,75,14.132215281186157,22.008222556295664,27.06540031786917,24.939830488775666,35.59980294278314,42.148765973341256,145.14118589634182,234.95813331335702,312.1365622846164,0.0,1.9999734386011125,3.554610615352527,0.0,0.9999734386011123,1.7513217699627472,0.9999734386011123,7.198758698878213,10.092864534804724,22.653454711048806,44.54213725075991,85.85150857718423,0.0,0.9489817962719999,0.9999734386011123,5.50261780104712,8.070992906958553,25.546376712444495,37.78625290219437,44.41158924195518,140.57194725015268,207.92330785448314,16.0,369.5799903869629,22.10346651871999,121.62692833075764,26.6
QB,2022,2023,00-0034869,Sam Darnold,54,12.746664952513417,17.285972466714885,22.890244278113737,21.29368295924443,30.475503327580714,37.69219177657368,138.30180844197392,219.55908286317322,312.1288449011311,0.0,1.0,3.0,0.0,0.0,1.9124971837818265,0.9999734386011123,3.1528848472778406,6.138005947586518,-0.4515775969954729,12.075513142710967,34.28475673012927,0.0,0.0,0.22214156388678455,4.445578231292517,5.48691457797941,13.989914628798026,25.421484484815224,24.39250800482683,62.19325993142524,113.01319803283502,9.0,5.919999688863754,13.579629840674224,60.3693068087116,
QB,2022,2023,00-0035228,Kyler Murray,56,10.352230190773332,19.805997965220797,27.220682992155034,21.641099607203138,32.550607534691196,40.96149867797634,107.76082241774024,215.35531532143304,302.8575966583976,0.0,1.0,3.0,0.0,0.9999734386011123,1.8078473280591585,0.9999734386011123,5.785387868900815,8.936080461672184,7.41825345156048,27.298321522593618,45.225150715236424,0.0,0.0,0.35035364839591054,4.445578231292517,5.052258241865658,13.34409788791446,27.12324617211669,22.460209258906175,59.32223108674898,120.57851274475004,7.0,126.57999992370605,20.53428549425943,91.28677258842542,157.3
QB,2022,2023,00-0035289,Gardner Minshew,30,-0.03638358626893101,15.212080087975039,23.66022436683707,2.272185901689711,20.74639680819779,36.67587049761479,-9.561988714661766,145.7288699093283,271.0811381726875,0.0,1.0,1.7601355051649377,0.0,0.9999734386011123,1.7688013604182342,0.0,1.4905953168108919,3.8635903114758796,-1.1648020753510544,0.8551326563735399,15.720619242053365,0.0,0.0,0.03288719217545687,5.50261780104712,-0.4989597561215761,7.91472118480826,16.11556990398886,-2.7455848360407145,43.551685681850685,88.67782182770833,15.0,195.65999794006348,15.364666402339935,84.54588685266634,
QB,2022,2023,00-0035710,Daniel Jones,54,11.672358928093097,19.167318939474644,26.2661660038018,18.43138473346173,29.489530170779602,39.16071926453195,128.2815072392053,186.31617770387084,294.40122819356066,0.0,1.0,1.9634029173817555,0.0,0.0,1.7019366702138676,0.9999734386011123,6.167176354123721,10.593028850718397,14.117925982598315,32.808422966775524,75.01210524695,0.0,0.0,1.1749190464054389,4.445578231292517,6.543052887828043,14.733489404832387,30.776512259969344,29.087653484323987,65.4988797691018,136.819392938027,6.0,58.96000099182129,16.2762967215644,72.35755039144446,103.9
QB,2022,2023,00-0036212,Tua Tagovailoa,35,14.274556839043225,21.907012565878247,27.410497288789184,24.098560494313265,31.273657805304307,41.66558954822888,159.86066091080423,264.4887799518565,340.3948509251908,0.0,1.9999734386011125,3.0333271592122877,0.0,0.0,1.7601331179831479,0.0,1.9335078979782288,4.331713492895916,-0.7408443140179642,3.1309453292657454,21.307736367065598,0.0,0.0,0.08999990224838257,8.590909090909092,6.320342005030374,18.892539485405283,24.899609488087343,54.29748358867003,162.30408921552723,213.91028151129584,16.0,272.7399935722351,15.346856585570745,131.84344975785777,84.9
QB,2022,2023,00-0036355,Justin Herbert,47,18.364946423918887,24.32179492497017,32.43982088137841,27.80603841707788,37.416471359520735,47.45275322412938,177.55058527192114,249.9991279017105,335.3316711021797,0.0,1.0,3.0,0.0,0.9999734386011123,1.804804489385461,0.9999734386011123,3.072050318284488,5.34101973460802,-0.08306178287965361,8.5766229899037,28.15522405287633,0.0,0.0,0.9706769226097549,4.445578231292517,7.09371723258888,12.857680537856565,30.44324180626243,31.535674908141722,57.15982470400861,135.33781306389454,13.0,234.16000175476074,20.034467410533985,89.06479219580925,50.3
QB,2022,2023,00-0036389,Jalen Hurts,43,13.74856966545843,19.870877616679763,25.50970308805932,20.862217578198607,28.94993216188095,36.66821466838051,150.96641005753744,221.41446861932616,311.6825527271094,0.0,1.0,3.609113403006883,0.0,0.0,1.5252534868147862,0.9999734386011123,8.47783416361105,16.27670243123033,20.67852113616698,47.73796587504071,76.24288940535071,0.0,0.9999734386011123,1.6753086134666197,8.590909090909092,8.106508515918197,23.630215963883792,41.52938936881712,69.6422777049336,203.0050371442744,356.77520866847436,16.0,366.21999740600586,18.40883691504944,158.14864440656112,26.9
QB,2022,2023,00-0036442,Joe Burrow,41,17.1748116735298,23.699429261831,30.55602419116884,25.072074739125146,35.01303135678353,45.39455390310959,180.21551338132085,276.7290107635113,350.7238996550062,0.0,1.9999734386011125,3.2370887162679685,0.0,0.9999734386011123,1.8764321239359432,0.9999734386011123,4.3885351178233805,7.18406189759006,2.201496732281688,13.255759212745943,29.30743725052117,0.0,0.0,0.8292200407974103,4.445578231292517,7.428770208481002,18.394683229017275,31.130510573236815,33.02517912409752,81.77500333444074,138.39312013340313,10.0,149.16000080108643,20.367316833356533,90.54450034420745,43.2
QB,2022,2023,00-0036898,Davis Mills,26,10.833032358609925,20.44052454388005,27.517872670935116,18.113629941550847,31.77732620490394,44.46924342534153,104.99054921137113,210.37815921435748,296.120821458676,0.0,1.0,2.0420834161241266,0.0,0.0,1.8913700695827305,0.9999734386011123,2.49482193749363,4.640362773221359,-0.5892945754938838,4.212804170888711,25.858074278945107,0.0,0.0,0.306362104895217,4.445578231292517,4.140692510905457,12.83640678566317,20.6544064409439,18.407772488957253,57.06525057435974,91.82077965412816,5.0,15.820000112056732,11.335384942018068,50.392340541556514,
QB,2022,2023,00-0036945,Justin Fields,27,9.857822997235926,14.506894057450236,19.960362139654695,17.422900925542162,22.04869844445465,29.743689386633832,99.53970336901394,158.33007196253723,229.36520745443934,0.0,1.0,3.353328202046269,0.0,0.0,1.7761267037343353,0.9999734386011123,9.150855322607693,13.6645699311844,31.032715598362117,67.79013131196109,128.24827030398276,0.0,0.0,1.3569562911940114,4.445578231292517,7.084859694596769,17.112216009697597,40.00223247645633,31.496298030061148,76.07369498188693,177.8330539004368,12.0,229.55999755859375,16.102962838278877,71.58698105316493,48.8
QB,2022,2023,00-0036971,Trevor Lawrence,32,15.319118453190153,21.980772318693514,28.31924659760374,24.65485145010608,35.151355132562024,43.43217741714778,156.98651510878076,232.61601147943972,327.8766311621218,0.0,1.0,3.0,0.0,0.9999734386011123,1.9026156318991154,0.9999734386011123,3.4522156762430583,6.0456670584968455,1.516210215003908,12.187069798094,31.305064531701994,0.0,0.0,0.939393209834719,4.810289389067524,6.431081625851622,12.523400561784765,30.076699694865155,30.935363705061178,60.241180837395525,144.67762940038028,15.0,258.34000396728516,15.058124423027039,72.43393613134549,58.4
QB,2022,2023,00-0036972,Mac Jones,29,11.16975719044507,19.898299064043243,26.94869926357305,22.138916886111314,30.87640248191148,39.89891339074454,121.02481203563204,204.07355923451397,302.8902390158739,0.0,1.0,2.8739422256816543,0.0,0.0,1.826342556159333,0.9999734386011123,2.710245337627207,5.368782193858954,-0.7432159413159284,5.3566913023336955,25.287750057406697,0.0,0.0,1.0099781021116963,4.445578231292517,4.766670887293689,12.698611499613929,28.547336969453752,21.19060833228861,56.4526708503245,126.9094197927757,11.0,110.39999580383301,12.688275838720388,56.40672286125016,
QB,2022,2023,00-0037013,Zach Wilson,21,9.87451897973871,17.48367943833147,23.96594676404965,16.078007707243806,27.47451121070895,38.553063957456345,95.82189268449694,196.65876162731146,280.84462705236143,0.0,1.0,2.045723917711064,0.0,0.0,2.0168278919800047,0.7999791502214026,2.496477395272976,5.643278774796691,0.1630370019159911,8.055204737189925,28.689678833893147,0.0,0.0,0.27881392762276924,4.445578231292517,3.849179407571477,12.671870938811452,19.924876418104635,17.111828182639183,56.33379359532846,88.57759686551958,12.0,129.93999671936035,11.128571158363705,49.472933687011434,
